-1.000	0.000	4.000	0.000	3.000	0.311754	0.253768	0.245711	0.268880	0.179942	0.181022	0.181198	0.180720	5.718091	0.380593	0.378453	0.937363	0.398565	0.641069	0.391217	0.464096
-1.000	0.500	4.000	0.000	2.500	0.278646	0.257498	0.249888	0.261732	0.187588	0.186931	0.187015	0.187178	0.951002	0.352201	0.347616	0.488304	0.344606	0.576824	0.422525	0.437931
-1.000	0.500	4.000	0.000	3.000	0.321525	0.254716	0.247061	0.272495	0.187771	0.187257	0.187390	0.187473	45.237554	0.383948	0.384399	1.883005	0.410463	0.654247	0.382345	0.468264
-1.000	1.000	4.000	0.000	2.500	0.307335	0.262671	0.255188	0.274133	0.213437	0.205982	0.205842	0.208390	1.716980	0.359847	0.363633	0.607923	0.368232	0.610836	0.398143	0.447399
-1.000	1.000	4.000	0.000	3.000	0.353790	0.257328	0.251206	0.283849	0.215488	0.208504	0.208495	0.210803	-2.226720	0.396506	0.405025	nan	0.450459	0.691235	0.353906	0.479428
-1.000	1.500	2.000	0.000	1.000	0.327527	0.286135	0.284945	0.298900	-4.535521	0.463831	0.554665	nan	-0.254160	0.669770	2.987223	nan	0.346224	1.714855	0.263405	0.538769
-1.000	1.500	2.000	0.000	1.500	0.330669	0.288820	0.287595	0.301717	-2.638318	0.460071	0.569243	nan	-0.273081	0.695050	1.961638	nan	0.473628	2.777889	0.282154	0.718697
-1.000	1.500	2.000	0.000	2.000	0.335327	0.292781	0.291504	0.305881	-1.582406	0.452533	0.590503	nan	5.354660	0.752836	1.229887	1.705163	-0.412653	11.219987	0.316626	nan
-1.000	1.500	2.000	0.000	2.500	0.341807	0.298258	0.296908	0.311648	-1.000343	0.440204	0.619555	nan	0.317408	0.818217	0.807120	0.594029	-0.161205	-3.955536	0.371917	0.618980
-1.000	1.500	2.000	0.000	3.000	0.350593	0.305614	0.304164	0.319420	-0.669261	0.423246	0.658444	nan	0.261830	0.817533	0.558240	0.492548	-0.129351	-1.429714	0.455800	0.438462
-1.000	1.500	2.000	0.500	1.000	0.294587	0.264964	0.264088	0.274189	-0.652096	0.810296	1.447795	nan	0.335208	0.551459	0.477467	0.445236	-0.830351	-1.380724	4.193893	1.687830
-1.000	1.500	2.000	0.500	1.500	0.296509	0.266703	0.265807	0.275980	-0.599606	0.821339	1.615109	nan	0.322253	0.603916	0.489982	0.456862	-0.525066	-1.084971	6.339725	1.534266
-1.000	1.500	2.000	0.500	2.000	0.299325	0.269241	0.268316	0.278597	-0.528166	0.821495	1.891616	nan	0.305234	0.687639	0.498995	0.471372	-0.346613	-0.829835	24.683353	1.921971
-1.000	1.500	2.000	0.500	2.500	0.303176	0.272697	0.271731	0.282166	-0.446701	0.799498	2.342466	nan	0.280455	0.787485	0.487184	0.475627	-0.239310	-0.629077	-8.148407	nan
-1.000	1.500	2.000	0.500	3.000	0.308278	0.277245	0.276224	0.286872	-0.367410	0.753036	3.145696	nan	0.244607	0.821206	0.436460	0.444244	-0.171220	-0.474524	-2.829832	nan
-1.000	1.500	2.000	1.000	2.000	0.276781	0.253810	0.253108	0.261006	-0.322649	2.665323	-1.510730	1.091162	0.269057	0.729867	0.409600	0.431667	-0.212180	9.480921	0.698892	nan
-1.000	1.500	2.000	1.000	2.500	0.279342	0.256194	0.255467	0.263439	-0.289010	2.997561	-1.220160	1.018668	0.252922	0.865903	0.421426	0.451917	-0.188226	7.805929	0.669657	nan
-1.000	1.500	2.000	1.000	3.000	0.282686	0.259290	0.258530	0.266604	-0.253799	2.790871	-1.036156	0.902024	0.223560	0.908862	0.396222	0.431794	-0.157126	5.241748	0.625564	nan
-1.000	1.500	2.500	0.000	1.000	0.311321	0.276161	0.275158	0.287068	1.008688	0.393329	0.408270	0.545114	-0.508282	0.834745	1.428923	nan	0.425421	0.556455	0.275941	0.402737
-1.000	1.500	2.500	0.000	1.500	0.313916	0.278423	0.277391	0.289425	1.234596	0.389759	0.412122	0.583153	-0.400046	1.017039	2.241975	nan	0.438091	0.567882	0.260282	0.401565
-1.000	1.500	2.500	0.000	2.000	0.317759	0.281755	0.280679	0.292905	1.836623	0.383406	0.418128	0.665268	-0.304709	1.661059	45.762591	nan	0.444270	0.555999	0.236289	0.387901
-1.000	1.500	2.500	0.000	2.500	0.323107	0.286355	0.285219	0.297721	5.399241	0.373808	0.426760	0.951455	-0.230228	-9.352379	-2.043354	nan	0.425890	0.474489	0.210852	0.349275
-1.000	1.500	2.500	0.000	3.000	0.330395	0.292535	0.291322	0.304225	-3.635590	0.361110	0.438516	nan	-0.167111	-2.151145	-2.308698	nan	0.336395	0.482240	0.209692	0.324015
-1.000	1.500	2.500	0.500	1.000	0.284414	0.258344	0.257582	0.266495	-4.473759	0.670875	0.748910	nan	-0.317370	1.248638	-2.293206	0.968609	0.583237	2.076010	0.316957	0.726705
-1.000	1.500	2.500	0.500	1.500	0.286061	0.259850	0.259070	0.268040	-2.671781	0.665950	0.769006	nan	-0.447513	1.221115	-3.773148	1.272786	3.740560	5.828009	0.346493	1.962081
-1.000	1.500	2.500	0.500	2.000	0.288471	0.262045	0.261238	0.270295	-1.645152	0.652294	0.797063	nan	0.810844	1.357335	16.628700	2.635285	-0.254791	-6.989911	0.408095	0.899095
-1.000	1.500	2.500	0.500	2.500	0.291763	0.265029	0.264184	0.273365	-1.061304	0.627055	0.833819	nan	0.463608	1.568153	2.007098	1.134234	-0.175125	-1.992655	0.515985	0.564685
-1.000	1.500	2.500	0.500	3.000	0.296126	0.268950	0.268054	0.277411	-0.718556	0.591102	0.881859	nan	0.383874	1.563158	0.968639	0.834548	-0.141568	-1.054311	0.696146	0.470123
-1.000	1.500	2.500	1.000	3.000	0.274603	0.253586	0.252903	0.260173	-0.399578	1.420688	119.594981	nan	0.363640	1.685487	0.701797	0.754866	-0.135341	-0.349162	-0.996971	nan
-1.000	1.500	3.000	0.000	1.000	0.299131	0.268707	0.267836	0.278187	0.495418	0.335464	0.332905	0.381048	-2.507668	0.510162	0.581655	nan	0.461290	0.648509	0.367251	0.478943
-1.000	1.500	3.000	0.000	1.500	0.301490	0.270776	0.269872	0.280337	0.549094	0.333288	0.333007	0.393526	-1.108932	0.549894	0.640966	nan	0.498370	0.679381	0.344742	0.488712
-1.000	1.500	3.000	0.000	2.000	0.305039	0.273858	0.272906	0.283551	0.645392	0.329020	0.333791	0.413847	-0.609037	0.631189	0.766641	nan	0.545549	0.710473	0.313232	0.495164
-1.000	1.500	3.000	0.000	2.500	0.310156	0.278211	0.277195	0.288124	0.830893	0.322145	0.335553	0.447836	-0.378318	0.826125	1.115399	nan	0.573590	0.701004	0.272842	0.478716
-1.000	1.500	3.000	0.000	3.000	0.317761	0.284365	0.283282	0.294712	1.272831	0.312423	0.338218	0.512354	-0.254747	1.701496	4.418458	nan	0.531881	0.587085	0.224549	0.412359
-1.000	1.500	3.000	0.500	1.000	0.276264	0.253061	0.252385	0.260338	1.161216	0.544033	0.544481	0.700660	-0.684862	1.551052	10.143271	nan	0.735123	0.853234	0.379422	0.619703
-1.000	1.500	3.000	0.500	1.500	0.277754	0.254428	0.253732	0.261738	1.454106	0.538964	0.544685	0.752952	-0.509156	2.238389	-6.400485	1.939396	0.788523	0.874298	0.349071	0.622008
-1.000	1.500	3.000	0.500	2.000	0.279946	0.256428	0.255701	0.263789	2.263039	0.528021	0.546288	0.867471	-0.368199	12.031186	-1.697794	1.959260	0.830036	0.837239	0.305720	0.596701
-1.000	1.500	3.000	0.500	2.500	0.282972	0.259165	0.258396	0.266605	8.567179	0.509910	0.550206	1.339529	-0.266442	-1.599556	-0.874495	nan	0.787507	0.650143	0.261389	0.511506
-1.000	1.500	3.000	0.500	3.000	0.287075	0.262816	0.261988	0.270381	-3.379214	0.485120	0.557296	nan	-0.191217	-1.015410	-0.878203	nan	0.582202	0.647077	0.256491	0.458882
-1.000	1.500	3.500	0.000	1.000	0.291106	0.264454	0.263644	0.272776	0.338505	0.287706	0.282800	0.301994	1.475274	0.397021	0.415729	0.624452	0.380559	0.616585	0.420018	0.461914
-1.000	1.500	3.500	0.000	1.500	0.293993	0.266936	0.266056	0.275363	0.363170	0.286184	0.281053	0.307974	4.290713	0.413039	0.438600	0.919454	0.412383	0.652324	0.398396	0.474999
-1.000	1.500	3.500	0.000	2.000	0.299003	0.271054	0.270051	0.279721	0.400852	0.282540	0.278761	0.316057	-2.343947	0.443361	0.478340	nan	0.468669	0.705401	0.366156	0.494678
-1.000	1.500	3.500	0.000	2.500	0.309425	0.278489	0.277282	0.288024	0.451763	0.275030	0.274927	0.324466	-0.754824	0.501222	0.551123	nan	0.553215	0.761130	0.323775	0.514674
-1.000	1.500	3.500	0.000	3.000	0.364093	0.298659	0.297736	0.318718	0.449233	0.257181	0.262266	0.311758	-0.403165	0.625617	0.711895	nan	0.623657	0.754472	0.274359	0.505401
-1.000	1.500	3.500	0.500	2.500	0.277236	0.255631	0.254860	0.262374	0.948817	0.420756	0.421068	0.551893	-0.461110	1.589465	4.135605	nan	1.337319	1.343867	0.378217	0.879247
-1.000	1.500	3.500	0.500	3.000	0.282686	0.260093	0.259205	0.267111	1.463500	0.402875	0.416857	0.626397	-0.293486	34.777607	-2.307961	2.866632	1.181683	0.941172	0.288088	0.684276
-1.000	1.500	4.000	0.000	1.000	0.300207	0.280985	0.279238	0.286655	0.250180	0.235127	0.232606	0.239180	0.666021	0.333175	0.333966	0.420037	0.314386	0.531660	0.416520	0.411381
-1.000	1.500	4.000	0.000	1.500	0.317005	0.291967	0.287757	0.298636	0.254319	0.229278	0.227104	0.236586	0.895903	0.340583	0.346429	0.472824	0.331549	0.558188	0.403142	0.420981
-1.000	1.500	4.000	0.000	2.000	0.333606	0.281831	0.275238	0.295786	0.265398	0.237247	0.236210	0.245923	1.849630	0.354722	0.366401	0.621789	0.363435	0.600485	0.381170	0.436531
-1.000	1.500	4.000	0.000	2.500	0.364163	0.269018	0.263176	0.295421	0.275764	0.248089	0.247603	0.256823	-4.023866	0.380297	0.398169	nan	0.421461	0.661809	0.348670	0.459870
-1.000	1.500	4.000	0.000	3.000	0.419300	0.260612	0.258037	0.304369	0.283720	0.255972	0.255620	0.264785	-0.787405	0.426989	0.452125	nan	0.516404	0.727637	0.305833	0.486179
-1.000	1.500	4.000	0.500	2.000	0.273950	0.254488	0.253599	0.260512	0.435031	0.352210	0.343526	0.374766	-8.497411	0.631682	0.707649	nan	0.850200	1.606491	0.609759	0.940847
-1.000	1.500	4.000	0.500	2.500	0.287698	0.264560	0.263026	0.271531	0.474665	0.334154	0.327481	0.373113	-1.050152	0.736758	0.876865	nan	1.152135	1.791103	0.498924	1.009763
-1.000	2.000	2.000	1.500	1.000	0.388539	0.321146	0.319091	0.341468	-2.905688	1.892985	2.790936	nan	0.589746	0.489102	0.457966	0.509291	-0.307834	0.819785	0.479977	nan
-1.000	2.000	2.000	1.500	1.500	0.392193	0.323923	0.321821	0.344497	-0.525216	-202.878327	-1.285041	nan	0.329372	0.444852	0.333678	0.365659	-0.320900	0.752761	0.464587	nan
-1.000	2.000	2.000	1.500	2.000	0.397548	0.327973	0.325802	0.348921	-0.311613	-3.028479	-0.641577	nan	0.246407	0.467733	0.298152	0.325109	-0.346523	0.662442	0.440881	nan
-1.000	2.000	2.000	1.500	2.500	0.404879	0.333481	0.331213	0.354950	-0.237366	-1.697550	-0.465280	nan	0.209338	0.516520	0.285706	0.313775	-0.403079	0.553305	0.406335	nan
-1.000	2.000	2.000	2.000	1.000	0.349735	0.298771	0.297197	0.314322	-0.434192	1.025309	-4.384859	1.249772	0.279332	0.714923	0.416730	0.436594	-0.568886	0.615122	0.443224	nan
-1.000	2.000	2.000	2.000	1.500	0.352196	0.300759	0.299157	0.316447	-0.373299	1.383743	-1.618730	0.942097	0.270299	0.800380	0.415877	0.448093	-0.671732	0.565712	0.427821	nan
-1.000	2.000	2.000	2.000	2.000	0.355776	0.303640	0.301996	0.319531	-0.310333	2.876899	-0.851781	0.912767	0.257137	0.948311	0.413088	0.465286	-0.966067	0.498523	0.404477	nan
-1.000	2.000	2.000	2.000	2.500	0.360625	0.307521	0.305821	0.323693	-0.256363	-7.448225	-0.541522	nan	0.239790	1.147495	0.405204	0.481303	-3.406696	0.417560	0.371195	nan
-1.000	2.000	2.000	2.000	3.000	0.366963	0.312560	0.310784	0.329108	-0.217304	-1.578816	-0.400812	nan	0.218675	1.213714	0.384689	0.467385	1.198049	0.334500	0.327428	0.508154
-1.000	2.000	2.500	1.500	1.000	0.369595	0.310608	0.308794	0.328500	-0.316927	3.441065	-1.457586	1.167065	0.260189	0.602591	0.370569	0.387311	-0.188272	-26.095015	0.788540	1.570564
-1.000	2.000	2.500	1.500	1.500	0.372682	0.313016	0.311160	0.331103	-0.296791	5.277899	-1.165749	1.222285	0.258308	0.673357	0.384373	0.405862	-0.184734	101.035661	0.757121	nan
-1.000	2.000	2.500	1.500	2.000	0.377193	0.316520	0.314603	0.334895	-0.272319	14.142859	-0.927283	1.528537	0.253457	0.793161	0.401389	0.432126	-0.179423	10.421715	0.709410	nan
-1.000	2.000	2.500	1.500	2.500	0.383347	0.321269	0.319267	0.340047	-0.246086	-27.379255	-0.756597	nan	0.242586	0.968208	0.413642	0.459713	-0.171797	3.984550	0.641491	nan
-1.000	2.000	2.500	1.500	3.000	0.391472	0.327485	0.325366	0.346807	-0.220280	-10.066452	-0.642195	nan	0.222794	1.125241	0.405307	0.466635	-0.160728	1.827935	0.549278	nan
-1.000	2.000	2.500	2.000	1.000	0.336910	0.291181	0.289764	0.305193	-1.384777	6.959811	-30.419728	6.643203	0.891522	0.707287	0.644794	0.740826	-0.314356	1.019392	0.572963	nan
-1.000	2.000	2.500	2.000	1.500	0.339053	0.292941	0.291499	0.307064	-1.519076	48.138124	-22.806538	11.858852	1.221382	0.853170	0.826540	0.951445	-0.329565	0.914171	0.550398	nan
-1.000	2.000	2.500	2.000	2.000	0.342165	0.295487	0.294007	0.309773	-0.391483	-1.601613	-0.692647	nan	0.415479	0.747453	0.465269	0.524742	-0.360702	0.777193	0.515936	nan
-1.000	2.000	2.500	2.000	2.500	0.346369	0.298911	0.297378	0.313422	-0.264772	-1.047564	-0.455499	nan	0.301251	0.859032	0.413306	0.474682	-0.434866	0.620395	0.466729	nan
-1.000	2.000	2.500	2.000	3.000	0.351848	0.303342	0.301740	0.318156	-0.215667	-0.847821	-0.369761	nan	0.250663	0.971309	0.386377	0.454799	-0.709967	0.464098	0.402048	nan
-1.000	2.000	3.000	1.000	1.000	0.395700	0.325899	0.323779	0.346923	-0.958662	0.928498	1.172480	nan	0.481710	0.931251	1.127425	0.796734	-0.175902	-0.708708	1.559535	0.579311
-1.000	2.000	3.000	1.000	1.500	0.399843	0.328976	0.326791	0.350301	-0.843505	0.938066	1.260818	nan	0.477470	1.064290	1.117686	0.828149	-0.164112	-0.649424	1.880654	0.585230
-1.000	2.000	3.000	1.000	2.000	0.405967	0.333493	0.331210	0.355272	-0.715163	0.938405	1.394118	nan	0.465599	1.295443	1.084826	0.868154	-0.149626	-0.578621	2.594471	0.607878
-1.000	2.000	3.000	1.500	1.000	0.354231	0.301904	0.300277	0.317852	-0.483829	3.007232	-23.948276	3.266212	0.444934	0.928969	0.670899	0.652105	-0.183320	-0.407390	-0.924762	nan
-1.000	2.000	3.000	1.500	1.500	0.356933	0.304051	0.302384	0.320158	-0.450720	3.567501	-6.761621	2.215341	0.446269	1.095303	0.712450	0.703550	-0.173838	-0.390855	-0.891443	nan
-1.000	2.000	3.000	1.500	2.000	0.360882	0.307175	0.305448	0.323516	-0.409145	4.348597	-3.568357	1.851676	0.439327	1.416241	0.762116	0.779798	-0.160704	-0.367793	-0.843008	nan
-1.000	2.000	3.000	1.500	2.500	0.366270	0.311409	0.309598	0.328078	-0.363035	4.938416	-2.360063	1.617409	0.414057	2.001734	0.790496	0.868538	-0.144142	-0.338030	-0.777306	nan
-1.000	2.000	3.000	1.500	3.000	0.373401	0.316956	0.315029	0.334074	-0.316354	4.603239	-1.771172	1.371406	0.364372	2.714285	0.747270	0.904120	-0.124665	-0.301028	-0.690981	nan
-1.000	2.000	3.000	2.000	1.000	0.326141	0.284730	0.283442	0.297464	-0.345604	-5.317920	-1.162147	nan	0.404958	1.006191	0.579529	0.618095	-0.194504	-3.493178	1.359666	0.973928
-1.000	2.000	3.000	2.000	1.500	0.328054	0.286321	0.285007	0.299147	-0.322918	-3.295142	-0.961049	nan	0.404396	1.237683	0.618518	0.676482	-0.190935	-4.065053	1.268313	0.994777
-1.000	2.000	3.000	2.000	2.000	0.330832	0.288620	0.287269	0.301583	-0.295465	-2.285537	-0.787991	nan	0.397126	1.755438	0.670260	0.775983	-0.185604	-5.892373	1.135593	1.074898
-1.000	2.000	3.000	2.000	2.500	0.334584	0.291711	0.290307	0.304863	-0.266151	-1.796428	-0.659354	nan	0.374761	3.038584	0.711861	0.932410	-0.177971	-44.388390	0.959886	1.964626
-1.000	2.000	3.000	2.000	3.000	0.339476	0.295713	0.294235	0.309118	-0.237334	-1.601883	-0.571243	nan	0.331356	5.638626	0.691419	1.089105	-0.166832	3.564842	0.746905	nan
-1.000	2.000	3.500	1.000	1.000	0.377704	0.316488	0.314569	0.335023	-91.809994	0.749358	0.767212	nan	-0.294846	-1.334515	-1.635793	nan	0.939477	0.794436	0.424214	0.681569
-1.000	2.000	3.500	1.000	1.500	0.381549	0.319387	0.317394	0.338186	-6.633733	0.744820	0.777961	nan	-0.248680	-1.092571	-0.848184	nan	0.809077	0.833259	0.350204	0.618060
-1.000	2.000	3.500	1.000	2.000	0.387316	0.323690	0.321581	0.342896	-2.843840	0.732085	0.792576	nan	-0.192592	-1.461531	-0.705071	nan	0.562395	1.504815	0.331709	0.654778
-1.000	2.000	3.500	1.000	2.500	0.395557	0.329723	0.327446	0.349542	-1.615676	0.707278	0.810289	nan	1.066265	-2.353354	-1.016985	1.366540	-0.195219	22.610087	0.397363	nan
-1.000	2.000	3.500	1.000	3.000	0.407479	0.338123	0.335601	0.358923	-1.045068	0.668651	0.829449	nan	0.795447	-3.662483	-2.757165	2.002703	-0.158646	-2.059091	0.528522	0.556830
-1.000	2.000	3.500	1.500	1.000	0.341834	0.294872	0.293387	0.309240	-0.944345	2.379174	2.958649	nan	1.066012	2.372873	4.583489	2.263311	-0.190821	-0.608699	-5.468385	nan
-1.000	2.000	3.500	1.500	1.500	0.344324	0.296870	0.295341	0.311376	-0.841933	2.456436	3.403809	nan	1.096809	3.500160	4.915165	2.662271	-0.178138	-0.562519	-3.457779	nan
-1.000	2.000	3.500	1.500	2.000	0.347983	0.299790	0.298193	0.314503	-0.726039	2.466650	4.175671	nan	1.090478	8.536806	4.975884	3.591376	-0.162119	-0.507068	-2.329433	nan
-1.000	2.000	3.500	1.500	2.500	0.353031	0.303781	0.302084	0.318787	-0.610698	2.331100	5.520734	nan	0.988502	-22.253936	4.071501	nan	-0.144157	-0.447381	-1.668718	nan
-1.000	2.000	3.500	1.500	3.000	0.359855	0.309090	0.307250	0.324515	-0.505225	2.041362	8.088676	nan	0.783402	-7.274220	2.542859	nan	-0.125701	-0.387168	-1.249585	nan
-1.000	2.000	3.500	2.000	1.000	0.317125	0.279323	0.278139	0.290982	-0.508894	-3.522725	-2.142056	nan	1.094164	2.353768	1.491771	1.566208	-0.187603	-0.367889	-0.553803	nan
-1.000	2.000	3.500	2.000	1.500	0.318893	0.280802	0.279590	0.292542	-0.475577	-2.942849	-1.779733	nan	1.129318	3.977113	1.772738	1.996838	-0.178993	-0.353115	-0.535833	nan
-1.000	2.000	3.500	2.000	2.000	0.321465	0.282945	0.281690	0.294806	-0.433959	-2.544852	-1.475948	nan	1.120557	29.410452	2.229814	4.188592	-0.166992	-0.332970	-0.510208	nan
-1.000	2.000	3.500	2.000	2.500	0.324956	0.285835	0.284519	0.297863	-0.387561	-2.379719	-1.252757	nan	1.000165	-5.550739	2.660233	nan	-0.151742	-0.307721	-0.476333	nan
-1.000	2.000	3.500	2.000	3.000	0.329549	0.289603	0.288199	0.301860	-0.339728	-2.497215	-1.098122	nan	0.769299	-3.183496	2.350808	nan	-0.133687	-0.277405	-0.433210	nan
-1.000	2.000	4.000	0.000	1.500	0.421998	0.313482	0.307562	0.343942	0.383752	0.292456	0.290257	0.319373	-8.138402	0.369527	0.396629	nan	0.387662	0.599835	0.329588	0.424769
-1.000	2.000	4.000	0.000	2.000	0.428597	0.287775	0.283588	0.327037	0.427019	0.322796	0.321187	0.353762	-1.419120	0.391320	0.425468	nan	0.429273	0.637513	0.308180	0.438540
-1.000	2.000	4.000	0.000	2.500	0.468450	0.272975	0.272061	0.326451	0.463222	0.348434	0.346993	0.382599	-0.674107	0.429086	0.474664	nan	0.486694	0.677254	0.280708	0.452294
-1.000	2.000	4.000	0.000	3.000	0.548280	0.263079	0.267145	0.337763	0.498583	0.371633	0.370071	0.409303	-0.404341	0.499017	0.568322	nan	0.540967	0.687972	0.248379	0.452153
-1.000	2.000	4.000	1.000	1.000	0.365630	0.310930	0.309105	0.327544	1.060083	0.587360	0.575441	0.710256	-0.638606	5.322221	-3.061984	2.183281	2.321401	1.821867	0.499368	1.283008
-1.000	2.000	4.000	1.000	1.500	0.370095	0.314272	0.312315	0.331185	1.248565	0.581133	0.570068	0.745083	-0.502607	56.482568	-1.795859	3.707990	2.691087	1.753270	0.445630	1.281101
-1.000	2.000	4.000	1.000	2.000	0.377377	0.319575	0.317391	0.337014	1.640983	0.567893	0.562606	0.806352	-0.382280	-3.587525	-1.068392	nan	3.018208	1.521978	0.379001	1.203000
-1.000	2.000	4.000	1.000	2.500	0.389868	0.328102	0.325523	0.346606	2.629778	0.543785	0.551367	0.923838	-0.287950	-1.231821	-0.660686	nan	2.708524	1.072232	0.308278	0.963802
-1.000	2.000	4.000	1.500	1.000	0.332312	0.289715	0.288330	0.302786	-6.201432	1.552207	1.518207	nan	-0.332165	-0.768383	-0.880189	nan	122.926385	1.723760	0.822529	5.585873
-1.000	2.000	4.000	1.500	1.500	0.334856	0.291753	0.290305	0.304960	-3.472628	1.536596	1.510655	nan	-0.284988	-0.639411	-0.538711	nan	15.529499	1.557665	0.533647	2.345823
-1.000	2.000	4.000	1.500	2.000	0.338693	0.294797	0.293246	0.308215	-2.147602	1.483897	1.499131	nan	-0.694732	-0.734307	-0.515542	nan	-0.382076	6.026444	0.530797	nan
-1.000	2.000	4.000	1.500	2.500	0.344262	0.299128	0.297413	0.312873	-1.434817	1.379551	1.481271	nan	-2.673217	-0.900432	-0.661958	nan	-0.225280	-2.433690	0.716178	0.732267
-1.000	2.000	4.000	1.500	3.000	0.352646	0.305374	0.303393	0.319687	-1.016270	1.225546	1.450815	nan	-27.900592	-1.058865	-1.040518	nan	-0.177595	-1.091022	1.183329	0.612054
-1.000	2.000	4.000	2.000	1.000	0.309765	0.275010	0.273912	0.285757	-0.854730	-3.870260	-3.623551	nan	-3.113239	-3.160548	-2.553707	nan	-0.209770	-0.513396	-0.852676	nan
-1.000	2.000	4.000	2.000	1.500	0.311497	0.276458	0.275322	0.287282	-0.781116	-3.675122	-3.353116	nan	-2.769038	-2.249405	-2.271529	nan	-0.195113	-0.478965	-0.794634	nan
-1.000	2.000	4.000	2.000	2.000	0.314043	0.278574	0.277381	0.289514	-0.694795	-3.661555	-3.097298	nan	-2.665312	-1.658259	-2.063179	nan	-0.176675	-0.437477	-0.729030	nan
-1.000	2.000	4.000	2.000	2.500	0.317566	0.281476	0.280195	0.292580	-0.604207	-4.060492	-2.900476	nan	-3.280558	-1.328766	-2.060861	nan	-0.156111	-0.392364	-0.662244	nan
-1.000	2.000	4.000	2.000	3.000	0.322376	0.285372	0.283956	0.296716	-0.515602	-5.620448	-2.776377	nan	-14.782192	-1.202922	-2.618432	nan	-0.135120	-0.345955	-0.596846	nan
-0.800	0.000	3.500	0.000	2.000	0.290503	0.292644	0.285781	0.289629	0.224927	0.226277	0.226498	0.225900	0.705522	0.390534	0.376965	0.470064	0.366466	0.611883	0.503384	0.483282
-0.800	0.000	3.500	0.000	2.500	0.335965	0.290702	0.281259	0.301728	0.224927	0.226277	0.226498	0.225900	1.874062	0.418342	0.414128	0.687306	0.418897	0.691497	0.467582	0.513553
-0.800	0.000	3.500	0.000	3.000	0.405134	0.285400	0.278420	0.318115	0.224927	0.226277	0.226498	0.225900	-1.496922	0.480951	0.478870	nan	0.547454	0.801726	0.399235	0.559587
-0.800	0.000	4.000	0.000	3.000	0.311754	0.253768	0.245711	0.268880	0.224927	0.226277	0.226498	0.225900	5.718091	0.380593	0.378453	0.937363	0.398565	0.641069	0.391217	0.464096
-0.800	0.000	4.000	0.500	1.000	0.224927	0.380426	0.433903	0.333607	0.253684	0.218768	0.217048	0.229233	0.452795	0.581594	0.456721	0.493618	0.552499	1.094441	1.091016	0.870532
-0.800	0.000	4.000	0.500	1.500	0.279198	0.367344	0.387682	0.341313	0.224927	0.226277	0.226498	0.225900	0.511762	0.565424	0.477956	0.517142	0.582653	1.233737	1.107310	0.926760
-0.800	0.000	4.000	0.500	2.000	0.316779	0.372279	0.373114	0.353038	0.224927	0.226277	0.226498	0.225900	0.677479	0.567393	0.515892	0.583149	0.641874	1.473153	1.072705	1.004753
-0.800	0.500	3.000	0.000	3.000	0.338718	0.256357	0.256088	0.281206	0.358978	0.297755	0.299577	0.317550	-0.525635	0.731091	0.732786	nan	0.835336	0.931616	0.354572	0.651030
-0.800	0.500	3.500	0.000	1.500	0.264523	0.282359	0.280873	0.275798	0.243387	0.245052	0.244842	0.244426	0.542767	0.380378	0.360302	0.420564	0.348145	0.577306	0.513010	0.468918
-0.800	0.500	3.500	0.000	2.000	0.303877	0.295637	0.288120	0.295808	0.238245	0.236596	0.236664	0.237167	0.810222	0.392506	0.384256	0.496238	0.375180	0.630238	0.494879	0.489119
-0.800	0.500	3.500	0.000	2.500	0.350613	0.292346	0.283277	0.307359	0.239172	0.237609	0.237744	0.238174	2.909277	0.422898	0.423002	0.804367	0.435787	0.713668	0.454077	0.520755
-0.800	0.500	3.500	0.000	3.000	0.423370	0.286362	0.280480	0.323976	0.240051	0.238514	0.238668	0.239077	-1.171040	0.489193	0.491644	nan	0.576091	0.821571	0.384076	0.566480
-0.800	0.500	4.000	0.000	2.500	0.278326	0.256881	0.249194	0.261181	0.240974	0.238898	0.238989	0.239618	0.911677	0.348538	0.344018	0.478143	0.345568	0.578790	0.422899	0.438966
-0.800	0.500	4.000	0.000	3.000	0.320856	0.254228	0.246573	0.271952	0.243109	0.239880	0.240004	0.240993	10.562035	0.378442	0.378773	1.148264	0.411939	0.656925	0.382686	0.469602
-0.800	0.500	4.000	0.500	1.000	0.257417	0.334016	0.362341	0.314660	0.243289	0.249977	0.249639	0.247616	0.473976	0.566662	0.464676	0.499740	0.559030	1.145804	1.100413	0.889953
-0.800	0.500	4.000	0.500	1.500	0.292186	0.369166	0.383564	0.345865	0.236097	0.236111	0.236292	0.236167	0.546918	0.557545	0.487548	0.529753	0.591869	1.288732	1.095932	0.942014
-0.800	0.500	4.000	0.500	2.000	0.330990	0.374844	0.372644	0.358911	0.236240	0.235523	0.235642	0.235802	0.753789	0.565924	0.527882	0.608389	0.658907	1.538250	1.037133	1.016784
-0.800	1.000	2.000	0.000	1.000	0.313530	0.294079	0.293582	0.300256	1.211221	0.503920	0.521426	0.682746	-0.630076	1.035345	2.223631	nan	0.488040	0.658956	0.332597	0.474690
-0.800	1.000	2.000	0.000	1.500	0.315439	0.295940	0.295426	0.302127	1.588169	0.493839	0.523485	0.743239	-0.458281	1.406891	6.000299	nan	0.511369	0.674116	0.308891	0.473978
-0.800	1.000	2.000	0.000	2.000	0.318280	0.298697	0.298157	0.304903	3.078640	0.477168	0.529063	0.919417	-0.324131	5.192615	-3.835458	1.861978	0.519952	0.626086	0.275655	0.447701
-0.800	1.000	2.000	0.000	2.500	0.322266	0.302532	0.301956	0.308776	-9.183411	0.454568	0.540262	nan	-0.217823	-3.778927	-3.848574	nan	0.422082	0.620549	0.272014	0.414561
-0.800	1.000	2.000	0.000	3.000	0.327766	0.307743	0.307122	0.314066	-1.471446	0.428301	0.559267	nan	0.681666	2.286951	1.743095	1.395457	-0.213216	1.811241	0.326957	nan
-0.800	1.000	2.000	0.500	1.000	0.295716	0.281069	0.280708	0.285747	-2.167045	1.043203	1.253657	nan	1.610407	0.781548	1.494701	1.234474	-0.512560	-1.327135	0.805538	0.818305
-0.800	1.000	2.000	0.500	1.500	0.296945	0.282298	0.281927	0.286972	-1.697595	1.024043	1.288797	nan	0.861852	0.910887	1.429854	1.039273	-0.328580	-1.106102	0.931740	0.697018
-0.800	1.000	2.000	0.500	2.000	0.298750	0.284098	0.283712	0.288769	-1.205662	0.969404	1.335148	nan	0.601643	1.167539	1.282229	0.965737	-0.232364	-0.889904	1.192455	0.627072
-0.800	1.000	2.000	0.500	2.500	0.301233	0.286560	0.286151	0.291231	-0.817314	0.880238	1.402567	nan	0.478640	1.463646	0.987495	0.884423	-0.179178	-0.694018	1.853515	0.613127
-0.800	1.000	2.000	0.500	3.000	0.304554	0.289823	0.289383	0.294503	-0.559064	0.777287	1.518960	nan	0.358925	1.276437	0.653581	0.669012	-0.141941	-0.524757	5.859533	0.758537
-0.800	1.000	2.000	1.000	1.000	0.283854	0.272229	0.271966	0.275961	-0.594423	4.043264	-5.305037	2.336175	0.527312	0.825768	0.629753	0.649678	-0.391429	16.077585	0.974167	nan
-0.800	1.000	2.000	1.000	1.500	0.284716	0.273105	0.272835	0.276830	-0.561600	5.532415	-3.799346	2.276933	0.521011	0.984818	0.700837	0.711115	-0.339380	343.994743	0.982468	nan
-0.800	1.000	2.000	1.000	2.000	0.285972	0.274378	0.274098	0.278095	-0.505635	6.700521	-2.909976	2.144264	0.501405	1.331360	0.790452	0.808078	-0.283100	-12.507479	0.998388	1.523362
-0.800	1.000	2.000	1.000	2.500	0.287681	0.276100	0.275807	0.279808	-0.427604	5.015297	-2.422919	1.732045	0.434648	1.787125	0.787949	0.849044	-0.225786	-5.270134	1.030466	1.070330
-0.800	1.000	2.000	1.000	3.000	0.289928	0.278349	0.278036	0.282050	-0.345276	2.991435	-2.082977	1.290952	0.324701	1.462764	0.602456	0.658963	-0.168079	-2.893686	1.100629	0.811960
-0.800	1.000	2.000	1.500	1.000	0.275394	0.265836	0.265647	0.268921	-1.342609	14.688023	-8.581076	5.531185	1.619539	0.978347	0.823844	1.092890	-0.968240	1.054534	0.773281	nan
-0.800	1.000	2.000	1.500	1.500	0.276035	0.266494	0.266301	0.269572	-0.589366	-3.436381	-1.190152	nan	0.736967	1.056076	0.663279	0.802195	-0.909083	1.049254	0.766712	nan
-0.800	1.000	2.000	1.500	2.000	0.276966	0.267445	0.267246	0.270514	-0.375236	-1.828935	-0.706874	nan	0.487021	1.515041	0.643478	0.780133	-0.850196	1.034823	0.758309	nan
-0.800	1.000	2.000	1.500	2.500	0.278222	0.268722	0.268515	0.271782	-0.309851	-1.514307	-0.600397	nan	0.401877	2.255918	0.667587	0.845879	-0.797043	1.001510	0.749085	nan
-0.800	1.000	2.000	1.500	3.000	0.279856	0.270374	0.270154	0.273425	-0.265932	-1.606401	-0.563832	nan	0.302954	1.527912	0.534423	0.627750	-0.724998	0.921515	0.730004	nan
-0.800	1.000	2.000	2.000	1.000	0.269060	0.261003	0.260872	0.263617	-0.999112	1.570527	-15.677968	2.908370	1.124915	2.848749	1.112585	1.527692	-2.192676	0.879479	0.708593	nan
-0.800	1.000	2.000	2.000	1.500	0.269559	0.261516	0.261383	0.264125	-0.764757	2.833407	-2.412042	1.735425	1.134329	12.214052	1.366600	2.665304	-3.037380	0.839651	0.704283	nan
-0.800	1.000	2.000	2.000	2.000	0.270281	0.262256	0.262120	0.264858	-0.553471	-12.103972	-1.066939	nan	1.111106	-3.148324	2.234597	nan	-10.055430	0.775862	0.698218	nan
-0.800	1.000	2.000	2.000	2.500	0.271249	0.263245	0.263104	0.265839	-0.412317	-2.068701	-0.699131	nan	0.845322	-1.776773	3.492863	nan	3.016327	0.670816	0.667052	1.105131
-0.800	1.000	2.000	2.000	3.000	0.272502	0.264515	0.264367	0.267101	-0.335579	-1.799285	-0.620212	nan	0.488460	-3.890034	1.453135	nan	1.129719	0.537838	0.558494	0.697504
-0.800	1.000	2.500	0.000	1.000	0.305262	0.288389	0.287972	0.293765	0.534950	0.409923	0.404346	0.445919	22.683225	0.585059	0.649098	2.049926	0.550713	0.765880	0.478807	0.586699
-0.800	1.000	2.500	0.000	1.500	0.306981	0.290059	0.289620	0.295444	0.612014	0.405501	0.401976	0.463786	-1.883678	0.642190	0.730377	nan	0.612041	0.819158	0.441522	0.604923
-0.800	1.000	2.500	0.000	2.000	0.309584	0.292562	0.292092	0.297970	0.762094	0.396504	0.400875	0.494791	-0.714368	0.778745	0.925893	nan	0.691886	0.869390	0.386430	0.614856
-0.800	1.000	2.500	0.000	2.500	0.313397	0.296142	0.295629	0.301611	1.110998	0.382735	0.402107	0.555031	-0.385021	1.240478	1.734137	nan	0.705724	0.803732	0.313406	0.562278
-0.800	1.000	2.500	0.000	3.000	0.319434	0.301389	0.300845	0.307103	2.515392	0.364886	0.405852	0.719521	-0.241660	-7.895546	-3.216116	nan	0.560956	0.533152	0.232882	0.411439
-0.800	1.000	2.500	0.500	1.000	0.290178	0.277119	0.276811	0.281301	1.437793	0.774988	0.772455	0.951235	-0.923965	2.390207	-9.970007	2.802822	0.871716	0.995810	0.471439	0.742436
-0.800	1.000	2.500	0.500	1.500	0.291283	0.278220	0.277900	0.282399	1.979773	0.759213	0.759987	1.045350	-0.609416	5.332123	-2.579187	2.031261	0.993773	1.048996	0.426868	0.763458
-0.800	1.000	2.500	0.500	2.000	0.292913	0.279837	0.279498	0.284015	4.362867	0.724990	0.749100	1.333157	-0.397728	-3.201705	-1.154360	nan	1.093399	0.942272	0.362585	0.720203
-0.800	1.000	2.500	0.500	2.500	0.295181	0.282065	0.281697	0.286247	-6.655737	0.673755	0.744479	nan	-0.256158	-1.213083	-1.068638	nan	0.829642	0.864460	0.352158	0.632108
-0.800	1.000	2.500	0.500	3.000	0.298303	0.285071	0.284662	0.289276	-1.539936	0.613549	0.750389	nan	1.121009	-6.842690	-11.392893	4.437687	-0.215763	6.245234	0.460046	nan
-0.800	1.000	2.500	1.000	1.000	0.279906	0.269348	0.269123	0.272747	-2.022202	3.297580	3.905240	nan	2.370671	1.358283	93.726101	6.707706	-0.412803	-1.089290	1.805470	0.932879
-0.800	1.000	2.500	1.000	1.500	0.280687	0.270139	0.269906	0.273532	-1.619967	3.257024	3.954231	nan	1.728259	1.983167	33.802766	4.874987	-0.314752	-0.940155	2.854013	0.945238
-0.800	1.000	2.500	1.000	2.000	0.281828	0.271289	0.271044	0.274675	-1.213220	2.837361	3.883315	nan	1.529708	4.573069	12.780225	4.471483	-0.245626	-0.777679	11.411358	1.296593
-0.800	1.000	2.500	1.000	2.500	0.283384	0.272848	0.272585	0.276227	-0.866594	2.185837	3.757343	nan	1.196255	32.715920	3.869610	5.330280	-0.193770	-0.618932	-4.669113	nan
-0.800	1.000	2.500	1.000	3.000	0.285448	0.274896	0.274607	0.278272	-0.610305	1.612620	3.776800	nan	0.696351	7.512919	1.406345	1.944955	-0.152067	-0.476513	-1.802111	nan
-0.800	1.000	2.500	1.500	1.000	0.272446	0.263650	0.263489	0.266496	-0.646570	-2.991141	-1.875668	nan	1.213258	1.479019	1.309386	1.329428	-0.349061	-4.086179	1.651817	1.330639
-0.800	1.000	2.500	1.500	1.500	0.273033	0.264250	0.264083	0.267090	-0.611265	-2.355469	-1.595830	nan	1.394639	2.373162	1.744246	1.793903	-0.311502	-3.072145	1.686560	1.173010
-0.800	1.000	2.500	1.500	2.000	0.273885	0.265116	0.264942	0.267949	-0.555977	-2.116379	-1.414447	nan	1.548106	11.028748	2.735341	3.601191	-0.265510	-2.225728	1.752232	1.011692
-0.800	1.000	2.500	1.500	2.500	0.275035	0.266280	0.266095	0.269105	-0.477231	-2.364166	-1.334132	nan	1.192295	-7.270749	3.052749	nan	-0.213379	-1.558856	1.891944	0.856950
-0.800	1.000	2.500	1.500	3.000	0.276538	0.267789	0.267588	0.270606	-0.386997	-3.670115	-1.295249	nan	0.639878	-41.437208	1.463494	nan	-0.159126	-1.013074	2.303547	0.718775
-0.800	1.000	2.500	2.000	1.000	0.266781	0.259291	0.259181	0.261727	-0.759058	-3.371243	-1.576741	nan	6.700482	3.045323	1.732226	3.281819	-0.809573	1.329455	0.960604	nan
-0.800	1.000	2.500	2.000	1.500	0.267241	0.259763	0.259650	0.262194	-0.609902	-1.428165	-1.001673	nan	7.052419	5.464217	2.396728	4.520241	-0.807268	1.294549	0.944196	nan
-0.800	1.000	2.500	2.000	2.000	0.267907	0.260442	0.260325	0.262868	-0.407355	-0.988624	-0.626306	nan	1.697998	-6.196780	2.494121	nan	-0.808760	1.232757	0.919086	nan
-0.800	1.000	2.500	2.000	2.500	0.268801	0.261350	0.261227	0.263769	-0.343647	-0.870722	-0.541486	nan	1.100659	-2.520675	3.028369	nan	-0.817099	1.123511	0.879125	nan
-0.800	1.000	2.500	2.000	3.000	0.269959	0.262518	0.262385	0.264930	-0.294665	-0.907566	-0.513948	nan	0.579751	-5.478392	1.370761	nan	-0.829654	0.912895	0.788012	nan
-0.800	1.000	3.000	0.000	1.000	0.299714	0.285044	0.284669	0.289725	0.360672	0.340205	0.335034	0.345128	0.997035	0.451723	0.458001	0.590858	0.430298	0.708643	0.536326	0.546859
-0.800	1.000	3.000	0.000	1.500	0.301850	0.287061	0.286629	0.291762	0.396368	0.338495	0.331118	0.354169	1.955741	0.471857	0.488527	0.766779	0.473533	0.763056	0.504222	0.566904
-0.800	1.000	3.000	0.000	2.000	0.305836	0.290613	0.290065	0.295416	0.452754	0.332900	0.326673	0.366519	-4.132636	0.515879	0.544203	nan	0.561013	0.848929	0.452281	0.599447
-0.800	1.000	3.000	0.000	2.500	0.317838	0.298792	0.297981	0.304734	0.527815	0.319698	0.319390	0.377730	-0.775074	0.613431	0.657512	nan	0.705246	0.927833	0.380621	0.629170
-0.800	1.000	3.000	0.500	1.000	0.285881	0.274191	0.273924	0.277943	0.603830	0.578052	0.575655	0.585708	3.388150	0.992563	1.140594	1.565371	1.093140	1.865957	0.962582	1.252194
-0.800	1.000	3.000	0.500	1.500	0.286996	0.275287	0.274998	0.279038	0.703211	0.574021	0.560043	0.609179	-4.828575	1.119553	1.409877	nan	1.377320	2.095885	0.815644	1.330355
-0.800	1.000	3.000	0.500	2.000	0.288707	0.276947	0.276621	0.280702	0.892609	0.559408	0.544201	0.647714	-1.001834	1.507553	2.348391	nan	1.985967	2.264443	0.636002	1.419485
-0.800	1.000	3.000	0.500	2.500	0.291311	0.279393	0.279004	0.283179	1.330029	0.532842	0.530979	0.721959	-0.470049	4.443583	-13.628947	3.053371	2.378076	1.730090	0.453413	1.231013
-0.800	1.000	3.000	0.500	3.000	0.296042	0.283366	0.282869	0.287362	3.144368	0.495913	0.520484	0.932786	-0.275947	-1.427466	-1.019590	nan	1.350061	0.780944	0.298567	0.680255
-0.800	1.000	3.000	1.000	1.000	0.276658	0.267036	0.266843	0.270140	2.025252	1.681802	1.759499	1.816412	-1.267987	-3.956329	-1.578842	nan	12.321543	3.493261	1.060912	3.574307
-0.800	1.000	3.000	1.000	1.500	0.277410	0.267789	0.267584	0.270889	3.232956	1.644649	1.597913	2.040526	-0.772169	-2.130969	-1.089944	nan	-18.092425	3.601127	0.839636	nan
-0.800	1.000	3.000	1.000	2.000	0.278521	0.268896	0.268671	0.271991	15.455498	1.513518	1.440697	3.230088	-0.468679	-1.023012	-0.701509	nan	-7.645849	2.148938	0.601140	nan
-0.800	1.000	3.000	1.000	2.500	0.280075	0.270425	0.270170	0.273518	-3.933625	1.307647	1.314078	nan	-0.328335	-0.686106	-0.624039	nan	-3.567556	1.644182	0.535753	nan
-0.800	1.000	3.000	1.000	3.000	0.282262	0.272521	0.272216	0.275627	-1.490123	1.087209	1.228449	nan	-4.358713	-1.260710	-1.478088	nan	-0.242200	-3.332312	0.889644	0.895458
-0.800	1.000	3.000	1.500	1.000	0.269938	0.261819	0.261683	0.264452	-1.488364	-2.585901	-2.259530	nan	-3.964918	-43.744736	-2.044158	nan	-0.379288	-0.827395	-1.818322	nan
-0.800	1.000	3.000	1.500	1.500	0.270495	0.262384	0.262240	0.265012	-1.283619	-2.559814	-2.449530	nan	-2.363253	-3.763445	-1.875965	nan	-0.327805	-0.737991	-1.398047	nan
-0.800	1.000	3.000	1.500	2.000	0.271308	0.263203	0.263048	0.265825	-1.068764	-2.861377	-2.848000	nan	-1.709268	-1.834218	-1.759752	nan	-0.270660	-0.633582	-1.088458	nan
-0.800	1.000	3.000	1.500	2.500	0.272416	0.264312	0.264140	0.266928	-0.849452	-4.163378	-3.604954	nan	-1.964172	-1.421124	-2.107303	nan	-0.214166	-0.524904	-0.873838	nan
-0.800	1.000	3.000	1.500	3.000	0.273893	0.265772	0.265572	0.268384	-0.644003	-15.908077	-4.839321	nan	25.976148	-1.746309	-9.879491	7.652620	-0.165304	-0.420410	-0.713310	nan
-0.800	1.000	3.000	2.000	1.000	0.264796	0.257817	0.257727	0.260093	-0.612867	-0.986758	-0.891462	nan	-2.462146	37.072805	-28.541325	13.759874	-0.311509	-1.738320	-7.892234	nan
-0.800	1.000	3.000	2.000	1.500	0.265233	0.258260	0.258167	0.260532	-0.589397	-0.901262	-0.835766	nan	-1.644483	-3.556271	-3.690619	nan	-0.283679	-1.455861	-6.265054	nan
-0.800	1.000	3.000	2.000	2.000	0.265865	0.258900	0.258800	0.261167	-0.559812	-0.865421	-0.809913	nan	-1.272927	-1.522269	-1.877460	nan	-0.246224	-1.142955	-4.539146	nan
-0.800	1.000	3.000	2.000	2.500	0.266717	0.259758	0.259648	0.262020	-0.510266	-0.916619	-0.825990	nan	-1.472128	-1.120531	-1.633757	nan	-0.200550	-0.829860	-2.921578	nan
-0.800	1.000	3.000	2.000	3.000	0.267830	0.260869	0.260743	0.263127	-0.431493	-1.095789	-0.867235	nan	-68.909595	-1.294414	-3.386293	nan	-0.152819	-0.536484	-1.541435	nan
-0.800	1.000	3.500	0.000	1.000	0.308613	0.310216	0.309029	0.309285	0.267537	0.265670	0.264635	0.265945	0.588006	0.377007	0.366050	0.432936	0.350054	0.589408	0.501740	0.469544
-0.800	1.000	3.500	0.000	1.500	0.319525	0.312091	0.306441	0.312639	0.280391	0.266002	0.265154	0.270426	0.776377	0.385043	0.382560	0.485393	0.370353	0.625743	0.485944	0.482910
-0.800	1.000	3.500	0.000	2.000	0.348098	0.303390	0.295172	0.314721	0.288970	0.273578	0.273222	0.278494	1.540686	0.403680	0.409749	0.634001	0.411828	0.685728	0.456160	0.505043
-0.800	1.000	3.500	0.000	2.500	0.399722	0.296415	0.289318	0.324846	0.294232	0.278903	0.278723	0.283860	-4.010099	0.442000	0.455264	nan	0.498215	0.776370	0.407350	0.540113
-0.800	1.000	3.500	0.000	3.000	0.486186	0.288775	0.286688	0.342708	0.299303	0.283651	0.283516	0.288729	-0.699862	0.521813	0.540890	nan	0.650033	0.854557	0.340164	0.573837
-0.800	1.000	3.500	0.500	1.000	0.283524	0.273321	0.273115	0.276611	0.395017	0.447306	0.454964	0.431585	0.899710	0.694509	0.672076	0.748858	0.789885	1.845925	1.223632	1.212857
-0.800	1.000	3.500	0.500	1.500	0.285423	0.275174	0.274883	0.278451	0.438208	0.446387	0.441142	0.441899	1.434283	0.722333	0.736174	0.913659	0.909648	2.155100	1.086917	1.286804
-0.800	1.000	3.500	0.500	2.000	0.289772	0.279180	0.278654	0.282490	0.502077	0.436146	0.423168	0.452521	30.847967	0.800123	0.865147	2.774327	1.213172	2.704032	0.882086	1.425000
-0.800	1.000	3.500	0.500	2.500	0.317004	0.297587	0.295519	0.303218	0.530453	0.392819	0.384018	0.430920	-1.076282	1.010659	1.181522	nan	2.069387	3.137561	0.644469	1.611432
-0.800	1.000	3.500	1.000	1.000	0.274211	0.265483	0.265328	0.268309	0.716677	0.970734	1.069909	0.906269	3.044041	4.423775	4.906863	4.042802	-7.070503	-2.649584	-7.785359	nan
-0.800	1.000	3.500	1.000	1.500	0.275065	0.266321	0.266140	0.269143	0.860952	0.972653	0.984944	0.937813	-11.454841	6.798893	18.758302	nan	-3.483137	-2.527475	20.256671	5.628705
-0.800	1.000	3.500	1.000	2.000	0.276414	0.267627	0.267400	0.270448	1.138900	0.941830	0.898023	0.987602	-1.275991	-23.135412	-4.727822	nan	-2.101578	-2.731914	2.469072	2.420186
-0.800	1.000	3.500	1.000	2.500	0.278630	0.269695	0.269374	0.272533	1.805828	0.871368	0.821252	1.089226	-0.545487	-2.210263	-1.437155	nan	-1.820018	-7.180885	0.927353	2.297028
-0.800	1.000	3.500	1.000	3.000	0.283704	0.273845	0.273277	0.276901	5.019261	0.767114	0.752513	1.425623	-0.303669	-0.714395	-0.617094	nan	-4.626341	1.434357	0.436024	nan
-0.800	1.000	3.500	1.500	1.000	0.267884	0.260397	0.260289	0.262832	5.133345	-9.196068	-3.992736	5.733561	-1.021879	-0.931049	-0.845343	nan	-1.120420	-1.642480	-2.113109	nan
-0.800	1.000	3.500	1.500	1.500	0.268457	0.260967	0.260847	0.263400	52.434189	-9.414717	-6.379875	14.658110	-0.693328	-0.768828	-0.697434	nan	-1.072999	-2.014008	-5.276285	nan
-0.800	1.000	3.500	1.500	2.000	0.269310	0.261810	0.261669	0.264239	-5.233500	-16.012391	-27.862957	nan	-0.431787	-0.539630	-0.516136	nan	-1.208147	-7.854374	2.763275	2.970881
-0.800	1.000	3.500	1.500	2.500	0.270524	0.262996	0.262819	0.265422	-2.257441	25.099676	10.349955	nan	-0.363263	-0.459800	-0.476179	nan	-0.748750	-133.336397	1.615741	5.443594
-0.800	1.000	3.500	1.500	3.000	0.272314	0.264691	0.264447	0.267126	-1.306181	4.916191	4.483204	nan	-0.667672	-0.663833	-0.836624	nan	-0.280986	-1.235008	-15.626365	nan
-0.800	1.000	3.500	2.000	2.500	0.265038	0.258523	0.258420	0.260642	-0.743786	-1.041137	-1.072835	nan	-0.530310	-0.661390	-0.845840	nan	-0.235110	-0.432385	-0.446742	nan
-0.800	1.000	3.500	2.000	3.000	0.266210	0.259669	0.259535	0.261786	-0.634872	-1.305502	-1.295386	nan	-0.738368	-0.754281	-1.121113	nan	-0.179333	-0.363389	-0.423044	nan
-0.800	1.000	4.000	0.000	2.000	0.271011	0.260009	0.253772	0.261501	0.295482	0.280069	0.279620	0.284963	0.686604	0.332808	0.329780	0.422385	0.331371	0.560929	0.427607	0.429954
-0.800	1.000	4.000	0.000	2.500	0.303358	0.258630	0.251102	0.270082	0.301927	0.283472	0.283189	0.289398	1.383839	0.349124	0.352199	0.554138	0.373110	0.620259	0.399628	0.452226
-0.800	1.000	4.000	0.000	3.000	0.350408	0.255359	0.249240	0.281480	0.312738	0.288246	0.288059	0.296125	-4.347797	0.380174	0.387253	nan	0.458030	0.703809	0.355248	0.485617
-0.800	1.000	4.000	0.500	1.000	0.311353	0.374273	0.387203	0.356008	0.271738	0.267116	0.267264	0.268697	0.578606	0.543506	0.494475	0.537746	0.583849	1.283688	1.042846	0.921142
-0.800	1.000	4.000	1.000	1.000	0.273848	0.266647	0.266732	0.269054	0.442378	0.644250	0.725909	0.591439	0.967827	1.654322	1.304728	1.278339	6.859585	-2.615064	-4.139862	4.203283
-0.800	1.000	4.000	1.000	1.500	0.276174	0.269139	0.269142	0.271465	0.495894	0.642812	0.674009	0.598935	1.420413	1.707626	1.522744	1.545770	47.876311	-2.273878	-6.102699	8.725761
-0.800	1.000	4.000	1.000	2.000	0.283812	0.277177	0.276792	0.279242	0.561546	0.604847	0.597313	0.587594	7.157205	2.017453	2.107341	3.121959	-5.286295	-2.013092	49.612955	8.082333
-0.800	1.000	4.000	1.500	1.000	0.266507	0.259712	0.259670	0.261943	0.934929	3.010348	12.676013	3.291996	75.665519	-1.564833	-1.901759	6.083785	-0.879167	-0.746543	-0.784536	nan
-0.800	1.000	4.000	1.500	1.500	0.267257	0.260447	0.260378	0.262674	1.193166	3.134128	5.374949	2.718925	-3.271141	-1.447871	-1.577064	nan	-0.814783	-0.758077	-0.877272	nan
-0.800	1.000	4.000	1.500	2.000	0.268507	0.261659	0.261534	0.263880	1.743943	2.920777	3.056440	2.496983	-1.116029	-1.173766	-1.173254	nan	-0.746617	-0.822099	-1.217157	nan
-0.800	1.000	4.000	1.500	2.500	0.270835	0.263846	0.263588	0.266068	3.380557	2.343302	2.032693	2.525202	-0.534555	-0.798012	-0.772286	nan	-0.751420	-1.157330	-6.785762	nan
-0.800	1.000	4.000	1.500	3.000	0.278408	0.270165	0.269379	0.272620	21.562869	1.614461	1.428231	3.677146	-0.298836	-0.444165	-0.449928	nan	-1.134560	6.214664	0.879410	nan
-0.800	1.000	4.000	2.000	3.000	0.265725	0.259519	0.259325	0.261506	-1.044662	-1.921870	-2.242846	nan	-0.354330	-0.437354	-0.596929	nan	-0.331310	-0.735495	-0.739734	nan
-0.800	1.500	2.000	1.500	1.000	0.380268	0.338694	0.337408	0.351575	-0.763397	37.414784	-2.122810	3.928574	0.522997	0.643810	0.486230	0.547057	-0.442826	1.064665	0.649244	nan
-0.800	1.500	2.000	1.500	1.500	0.382946	0.341035	0.339721	0.354013	-0.429855	-4.369184	-0.920753	nan	0.370735	0.686373	0.429458	0.478096	-0.459542	0.984291	0.628914	nan
-0.800	1.500	2.000	1.500	2.000	0.386872	0.344455	0.343097	0.357579	-0.318984	-2.180466	-0.633563	nan	0.310842	0.808322	0.419199	0.472260	-0.493958	0.870135	0.596287	nan
-0.800	1.500	2.000	2.000	1.000	0.354932	0.321976	0.320981	0.332263	-0.639861	1.473446	-5.860571	1.767882	0.474772	1.377191	0.708176	0.773642	-0.872998	0.804998	0.593068	nan
-0.800	1.500	2.000	2.000	1.500	0.356840	0.323696	0.322684	0.334038	-0.516280	2.357442	-1.807496	1.300573	0.453728	1.863763	0.726950	0.850283	-1.083486	0.735980	0.572304	nan
-0.800	1.500	2.000	2.000	2.000	0.359620	0.326193	0.325156	0.336618	-0.399805	23.286912	-0.901210	2.032023	0.420235	3.551070	0.749704	1.038119	-1.888456	0.638243	0.539298	nan
-0.800	1.500	2.000	2.000	2.500	0.363396	0.329565	0.328493	0.340107	-0.311726	-2.433404	-0.571907	nan	0.370999	14.077849	0.744529	1.572522	6.560357	0.516174	0.487537	1.181890
-0.800	1.500	2.000	2.000	3.000	0.368348	0.333955	0.332835	0.344661	-0.257183	-1.315048	-0.445225	nan	0.307380	7.380328	0.641339	1.133129	0.870433	0.397947	0.414643	0.523695
-0.800	1.500	2.500	1.500	1.000	0.368264	0.331049	0.329901	0.342619	-0.461340	3363.385102	-2.067259	14.747917	0.473158	1.059474	0.674660	0.696723	-0.241986	-4.178476	1.278232	1.089280
-0.800	1.500	2.500	1.500	1.500	0.370620	0.333128	0.331950	0.344776	-0.426390	-10.371821	-1.585373	nan	0.477016	1.324598	0.735270	0.774500	-0.231915	-4.288655	1.228657	1.069121
-0.800	1.500	2.500	1.500	2.000	0.374072	0.336161	0.334939	0.347928	-0.382852	-5.221022	-1.237252	nan	0.468286	1.933020	0.812412	0.902626	-0.216807	-4.631328	1.151505	1.049579
-0.800	1.500	2.500	1.500	2.500	0.378803	0.340291	0.339005	0.352227	-0.335050	-4.138585	-1.015699	nan	0.427470	3.210251	0.843404	1.049929	-0.195137	-5.856839	1.036843	1.058211
-0.800	1.500	2.500	1.500	3.000	0.385102	0.345737	0.344358	0.357913	-0.287621	-4.675066	-0.879924	nan	0.349952	3.593925	0.731865	0.972754	-0.164157	-20.572156	0.869012	1.431710
-0.800	1.500	2.500	2.000	1.000	0.346370	0.316316	0.315416	0.325723	-1.804596	-15.573154	-21.030536	nan	5.927981	1.586603	1.686434	2.512550	-0.444778	1.369259	0.803391	nan
-0.800	1.500	2.500	2.000	1.500	0.348080	0.317865	0.316947	0.327318	-0.507619	-1.857802	-0.906202	nan	0.759545	1.438613	0.795288	0.954276	-0.465567	1.230061	0.770533	nan
-0.800	1.500	2.500	2.000	2.000	0.350570	0.320112	0.319167	0.329634	-0.349328	-1.208641	-0.591778	nan	0.532461	2.144152	0.740678	0.945636	-0.510798	1.039770	0.718079	nan
-0.800	1.500	2.500	2.000	2.500	0.353950	0.323144	0.322161	0.332764	-0.282251	-0.948003	-0.469206	nan	0.436861	4.177139	0.733989	1.102311	-0.633895	0.809171	0.637926	nan
-0.800	1.500	2.500	2.000	3.000	0.358384	0.327092	0.326054	0.336850	-0.241580	-0.853108	-0.411215	nan	0.348146	4.275851	0.642020	0.985018	-1.349275	0.572863	0.526340	nan
-0.800	1.500	3.000	1.000	1.000	0.385868	0.343188	0.341838	0.356394	-5.323347	1.270208	1.301310	nan	-0.406670	-5.344366	-0.939459	nan	6.219053	4.897413	0.488604	2.459703
-0.800	1.500	3.000	1.000	1.500	0.389114	0.345945	0.344536	0.359285	-3.013048	1.254525	1.321047	nan	2.062066	-8.600930	-1.107760	2.698348	-0.303690	-7.246870	0.561421	1.073058
-0.800	1.500	3.000	1.500	1.000	0.358457	0.324830	0.323789	0.335314	-0.831010	-24.765401	-7.987567	nan	1.376284	2.373339	2.312461	1.962068	-0.233478	-0.465891	-0.824093	nan
-0.800	1.500	3.000	1.500	1.500	0.360631	0.326752	0.325676	0.337305	-0.751055	-14.303445	-5.475113	nan	1.482566	4.179202	2.934813	2.629638	-0.213977	-0.437903	-0.778318	nan
-0.800	1.500	3.000	1.500	2.000	0.363835	0.329569	0.328439	0.340227	-0.654100	-12.617904	-4.076981	nan	1.504638	55.498506	3.929837	6.897568	-0.189698	-0.401789	-0.720079	nan
-0.800	1.500	3.000	1.500	2.500	0.368277	0.333439	0.332226	0.344251	-0.550581	-22.767377	-3.315155	nan	1.250130	-5.997933	3.969375	nan	-0.162989	-0.359584	-0.652357	nan
-0.800	1.500	3.000	1.500	3.000	0.374347	0.338640	0.337297	0.349683	-0.451035	19.476935	-2.873457	2.933449	0.819106	-5.013634	2.252945	nan	-0.136506	-0.313381	-0.576556	nan
-0.800	1.500	3.000	2.000	1.000	0.339140	0.311549	0.310729	0.320206	-0.502774	-1.801701	-1.250671	nan	1.338847	3.206790	1.700287	1.939879	-0.246976	-2.022824	4.806318	1.339086
-0.800	1.500	3.000	2.000	1.500	0.340723	0.312983	0.312142	0.321680	-0.465187	-1.501022	-1.054279	nan	1.449945	10.087996	2.269315	3.213787	-0.236680	-1.990114	4.250171	1.260323
-0.800	1.500	3.000	2.000	2.000	0.343032	0.315066	0.314193	0.323826	-0.419200	-1.292840	-0.892461	nan	1.471292	-6.042915	3.571979	nan	-0.221000	-1.969812	3.509554	1.151745
-0.800	1.500	3.000	2.000	2.500	0.346182	0.317889	0.316967	0.326737	-0.368573	-1.208663	-0.781431	nan	1.193710	-2.553268	4.867880	nan	-0.198045	-2.015212	2.635728	1.017018
-0.800	1.500	3.000	2.000	3.000	0.350356	0.321595	0.320599	0.330568	-0.316810	-1.262684	-0.712411	nan	0.753503	-2.297876	2.745685	nan	-0.164411	-2.367002	1.710064	0.873067
-0.800	1.500	3.500	0.000	1.000	0.395788	0.344595	0.337835	0.358502	0.387595	0.326135	0.323630	0.344568	1.469566	0.395573	0.411128	0.620580	0.401802	0.654569	0.427513	0.482658
-0.800	1.500	3.500	0.000	1.500	0.402568	0.323665	0.316450	0.345472	0.420601	0.350396	0.348578	0.371743	4.164281	0.411074	0.432865	0.904907	0.437438	0.695308	0.405549	0.497790
-0.800	1.500	3.500	0.000	2.000	0.437069	0.310319	0.304636	0.345711	0.446287	0.370830	0.369449	0.393956	-2.430862	0.440299	0.470448	nan	0.500238	0.755536	0.372788	0.520353
-0.800	1.500	3.500	0.000	2.500	0.504735	0.300492	0.298980	0.356598	0.469871	0.388935	0.387681	0.413787	-0.771521	0.495773	0.538758	nan	0.593218	0.816383	0.329596	0.542454
-0.800	1.500	3.500	1.000	1.000	0.376216	0.338038	0.336781	0.349878	1.334663	0.883120	0.866145	1.006917	-0.867720	-21.870909	-2.162980	nan	7.704747	3.347009	0.735799	2.667216
-0.800	1.500	3.500	1.000	1.500	0.379995	0.341202	0.339825	0.353195	1.696270	0.868393	0.842490	1.074629	-0.617610	-4.206751	-1.387348	nan	18.273935	3.096296	0.618794	3.271450
-0.800	1.500	3.500	1.000	2.000	0.386308	0.346339	0.344739	0.358626	2.657874	0.833196	0.813200	1.216633	-0.428931	-1.639806	-0.853904	nan	75.754747	2.184400	0.483285	4.308390
-0.800	1.500	3.500	1.500	1.000	0.350796	0.320186	0.319233	0.329753	-2.791599	9.673632	9.662752	nan	-1.185303	-1.014854	-0.652944	nan	-0.466909	-6.133220	1.113172	1.471728
-0.800	1.500	3.500	1.500	1.500	0.353013	0.322129	0.321122	0.331765	-2.060170	9.189259	8.353131	nan	-1.676293	-1.121584	-0.726202	nan	-0.346703	-1.959928	1.569216	1.021630
-0.800	1.500	3.500	1.500	2.000	0.356378	0.325049	0.323950	0.334795	-1.502320	7.149193	6.949813	nan	-1.787472	-1.144566	-0.882446	nan	-0.277102	-1.155140	3.652806	1.053498
-0.800	1.500	3.500	1.500	2.500	0.361339	0.329267	0.328011	0.339196	-1.100496	4.696843	5.677232	nan	-2.223455	-1.134891	-1.187219	nan	-0.219818	-0.810727	-10.528059	nan
-0.800	1.500	3.500	1.500	3.000	0.369245	0.335637	0.334086	0.345951	-0.815799	2.926334	4.609992	nan	-9.194516	-1.244901	-2.151648	nan	-0.172978	-0.603594	-2.314509	nan
-0.800	1.500	3.500	2.000	1.000	0.333176	0.307709	0.306961	0.315718	-0.752287	-1.405560	-1.341580	nan	-2.015020	-3.646423	-4.131811	nan	-0.223704	-0.410821	-0.494800	nan
-0.800	1.500	3.500	2.000	1.500	0.334725	0.309103	0.308326	0.317152	-0.699104	-1.345400	-1.289552	nan	-1.707079	-2.148207	-2.699201	nan	-0.207785	-0.387798	-0.478277	nan
-0.800	1.500	3.500	2.000	2.000	0.337011	0.311150	0.310324	0.319259	-0.633174	-1.328182	-1.250366	nan	-1.554581	-1.443184	-1.991549	nan	-0.187045	-0.358380	-0.457044	nan
-0.800	1.500	3.500	2.000	2.500	0.340198	0.313975	0.313072	0.322174	-0.557186	-1.402315	-1.238022	nan	-1.787765	-1.142056	-1.812740	nan	-0.163110	-0.324181	-0.431713	nan
-0.800	1.500	3.500	2.000	3.000	0.344623	0.317832	0.316796	0.326168	-0.474701	-1.649851	-1.253310	nan	-5.300501	-1.110494	-2.470626	nan	-0.138343	-0.286575	-0.401618	nan
-0.800	1.500	4.000	0.000	1.000	0.271426	0.264296	0.259974	0.265190	0.433976	0.368855	0.366659	0.388623	0.632922	0.326179	0.326160	0.406829	0.322601	0.547854	0.420221	0.420342
-0.800	1.500	4.000	0.000	1.500	0.288085	0.264036	0.258110	0.269772	0.444914	0.374625	0.372749	0.396062	0.821267	0.332411	0.336875	0.451380	0.340995	0.576397	0.406730	0.430783
-0.800	1.500	4.000	0.000	2.000	0.313586	0.262880	0.256195	0.276415	0.462869	0.383363	0.381824	0.407672	1.464361	0.344243	0.353716	0.562846	0.375222	0.622180	0.384591	0.447783
-0.800	1.500	4.000	0.000	2.500	0.351440	0.260428	0.254672	0.285654	0.492280	0.395953	0.394666	0.425300	-26.944747	0.365337	0.379798	nan	0.437569	0.688816	0.351851	0.473336
-0.800	1.500	4.000	0.000	3.000	0.409059	0.256519	0.253890	0.298665	0.543328	0.413907	0.412689	0.452754	-1.060175	0.402777	0.422485	nan	0.539249	0.759538	0.308647	0.501881
-0.800	1.500	4.000	1.000	1.000	0.380681	0.347695	0.346632	0.357994	0.580681	0.595317	0.599025	0.591621	13.179739	1.782515	2.329115	3.796444	13.867006	-5.349601	2.448906	nan
-0.800	1.500	4.000	1.500	1.000	0.346408	0.318517	0.317682	0.327269	2.008552	2.272233	2.505845	2.253011	-0.928479	-1.270905	-0.982582	nan	-1.189502	-1.944671	16.141664	3.342360
-0.800	1.500	4.000	1.500	1.500	0.349580	0.321262	0.320292	0.330104	2.850917	2.192068	2.166580	2.383441	-0.665312	-1.024082	-0.791467	nan	-1.124364	-2.349320	2.890327	1.969089
-0.800	1.500	4.000	1.500	2.000	0.355337	0.326121	0.324863	0.335150	5.937574	1.969582	1.820606	2.771616	-0.457734	-0.733609	-0.585012	nan	-1.123393	-5.181500	1.183949	1.903006
-0.800	1.500	4.000	1.500	2.500	0.368563	0.336477	0.334454	0.346153	-64.222886	1.575980	1.469765	nan	-0.313971	-0.471881	-0.434238	nan	-1.352028	2.684190	0.660069	nan
-0.800	1.500	4.000	2.000	1.000	0.328736	0.305161	0.304502	0.312600	-1.551441	-1.670890	-1.509074	nan	-0.423782	-0.532666	-0.558447	nan	-0.641863	-1.525971	-1.587182	nan
-0.800	1.500	4.000	2.000	1.500	0.330474	0.306702	0.305990	0.314186	-1.332296	-1.680346	-1.627233	nan	-0.462454	-0.563340	-0.595096	nan	-0.455294	-1.034539	-1.214439	nan
-0.800	1.500	4.000	2.000	2.000	0.333167	0.309068	0.308260	0.316624	-1.123290	-1.772065	-1.830749	nan	-0.500219	-0.585051	-0.643737	nan	-0.334734	-0.760480	-0.955135	nan
-0.800	1.500	4.000	2.000	2.500	0.337322	0.312646	0.311656	0.320325	-0.936190	-2.056495	-2.181525	nan	-0.553121	-0.602439	-0.716781	nan	-0.252687	-0.596050	-0.791277	nan
-0.800	1.500	4.000	2.000	3.000	0.344715	0.318687	0.317293	0.326659	-0.773693	-2.938741	-2.863723	nan	-0.693441	-0.650851	-0.885966	nan	-0.192917	-0.480064	-0.678325	nan
-0.800	2.000	4.000	0.000	1.000	0.334236	0.267741	0.261974	0.286204	1.287567	0.655124	0.646887	0.817160	3.003886	0.354839	0.373310	0.735521	0.385028	0.610226	0.350386	0.435021
-0.800	2.000	4.000	0.000	1.500	0.354696	0.266452	0.261105	0.291137	1.446185	0.685134	0.677060	0.875405	-27.591843	0.365810	0.388226	nan	0.414115	0.640638	0.335232	0.446368
-0.800	2.000	4.000	0.000	2.000	0.387302	0.264328	0.260396	0.298728	1.772440	0.733186	0.724975	0.980324	-1.766265	0.384677	0.412775	nan	0.460712	0.683061	0.313509	0.462076
-0.800	2.000	4.000	0.000	2.500	0.438233	0.261192	0.260166	0.309960	2.605612	0.808819	0.799734	1.190060	-0.791967	0.416712	0.453609	nan	0.524060	0.726055	0.285529	0.477164
-0.800	2.000	4.000	0.000	3.000	0.520912	0.256964	0.260670	0.326770	7.585714	0.932817	0.921380	1.868144	-0.470725	0.474210	0.528354	nan	0.580765	0.731998	0.252355	0.475161
-0.600	0.000	2.000	0.000	1.000	0.299903	0.301703	0.301997	0.301199	0.460797	0.508089	0.505101	0.490843	0.906466	0.667213	0.623994	0.722657	-117.589476	1.051746	1.711999	nan
-0.600	0.000	2.000	0.000	1.500	0.299903	0.301703	0.301997	0.301199	0.566103	0.504378	0.488178	0.518494	2.250612	0.714938	0.704438	1.042647	-18.484034	1.146233	1.766560	nan
-0.600	0.000	2.000	0.000	2.000	0.299903	0.301703	0.301997	0.301199	0.777268	0.485335	0.478069	0.564982	-1.489177	0.903815	0.896788	nan	1.013083	1.408796	0.652733	0.976659
-0.600	0.000	2.000	0.000	2.500	0.299903	0.301703	0.301997	0.301199	1.406844	0.456715	0.477765	0.674583	-0.440299	2.073461	1.870598	nan	1.093391	0.973508	0.396097	0.749846
-0.600	0.000	2.000	0.000	3.000	0.299903	0.301703	0.301997	0.301199	48.626392	0.425383	0.487955	2.161113	-0.241044	-1.294461	-2.759740	nan	0.557331	0.431399	0.253989	0.393794
-0.600	0.000	2.000	0.500	1.000	0.299903	0.301703	0.301997	0.301199	0.853769	1.335496	1.492429	1.193875	1.770887	3.788811	2.474247	2.551011	-117.589476	1.051746	1.711999	nan
-0.600	0.000	2.000	0.500	1.500	0.299903	0.301703	0.301997	0.301199	1.288973	1.294225	1.220897	1.267586	-11.942908	5.519005	4.685271	nan	-117.589476	1.051746	1.711999	nan
-0.600	0.000	2.000	0.500	2.000	0.299903	0.301703	0.301997	0.301199	2.972369	1.114130	1.056501	1.518108	-0.724743	-3.532022	-3.623586	nan	-117.589476	1.051746	1.711999	nan
-0.600	0.000	2.000	0.500	2.500	0.299903	0.301703	0.301997	0.301199	-4.523579	0.918008	0.986607	nan	-0.395041	-0.916681	-1.182202	nan	-17.980983	0.962810	0.509178	nan
-0.600	0.000	2.000	0.500	3.000	0.299903	0.301703	0.301997	0.301199	-1.068069	0.763120	0.989074	nan	0.834590	2.802849	0.977585	1.317475	-0.216236	-2.664673	1.489962	0.950421
-0.600	0.000	2.000	1.000	1.000	0.299903	0.301703	0.301997	0.301199	-42.542655	-2.042511	-1.459565	nan	-117.589476	1.051746	1.711999	nan	-4.349889	2.028946	1.354979	nan
-0.600	0.000	2.000	1.000	1.500	0.299903	0.301703	0.301997	0.301199	-3.915116	-2.426801	-2.477420	nan	-117.589476	1.051746	1.711999	nan	-4.349889	2.028946	1.354979	nan
-0.600	0.000	2.000	1.000	2.000	0.299903	0.301703	0.301997	0.301199	-1.940852	-5.363034	-7.841987	nan	-117.589476	1.051746	1.711999	nan	-0.617487	-0.842888	-1.461623	nan
-0.600	0.000	2.000	1.000	2.500	0.299903	0.301703	0.301997	0.301199	-0.976586	9.610283	27.669591	nan	56.864903	-4.265547	4.377057	nan	-117.589476	1.051746	1.711999	nan
-0.600	0.000	2.000	1.000	3.000	0.299903	0.301703	0.301997	0.301199	-0.553452	2.535312	14.967388	nan	0.581198	1.862136	0.834987	0.966804	-117.589476	1.051746	1.711999	nan
-0.600	0.000	2.000	1.500	1.000	0.299903	0.301703	0.301997	0.301199	-117.589476	1.051746	1.711999	nan	-4.349889	2.028946	1.354979	nan	0.588651	0.639042	0.577584	0.601175
-0.600	0.000	2.000	1.500	1.500	0.299903	0.301703	0.301997	0.301199	-117.589476	1.051746	1.711999	nan	-4.349889	-0.646656	-0.590341	nan	-0.391876	5.192122	2.060148	nan
-0.600	0.000	2.000	1.500	2.000	0.299903	0.301703	0.301997	0.301199	-0.947989	-0.914879	-0.951840	nan	-117.589476	1.051746	1.711999	nan	-0.690134	-0.930548	-1.116751	nan
-0.600	0.000	2.000	1.500	2.500	0.299903	0.301703	0.301997	0.301199	-0.636776	-1.504701	-1.312001	nan	7.942038	-3.167436	-40.905721	10.095812	-117.589476	1.051746	1.711999	nan
-0.600	0.000	2.000	1.500	3.000	0.299903	0.301703	0.301997	0.301199	-0.395237	-2.700265	-1.235360	nan	0.486107	1.913857	0.891933	0.939704	-117.589476	1.051746	1.711999	nan
-0.600	0.000	2.000	2.000	1.000	0.299903	0.301703	0.301997	0.301199	-117.589476	1.051746	1.711999	nan	-4.349889	2.028946	1.354979	nan	0.588651	0.639042	0.577584	0.601175
-0.600	0.000	2.000	2.000	1.500	0.299903	0.301703	0.301997	0.301199	-117.589476	1.051746	1.711999	nan	-4.349889	2.028946	1.354979	nan	0.644508	0.639042	0.577584	0.619618
-0.600	0.000	2.000	2.000	2.000	0.299903	0.301703	0.301997	0.301199	-0.491772	-0.677518	-0.615094	nan	17.163044	0.987433	1.565692	2.982652	-1.100169	-0.724037	-0.777823	nan
-0.600	0.000	2.000	2.000	2.500	0.299903	0.301703	0.301997	0.301199	-1.274042	-1.735808	-1.658816	nan	-1.605962	-1.062975	-1.055615	nan	-117.589476	1.051746	1.711999	nan
-0.600	0.000	2.000	2.000	3.000	0.299903	0.301703	0.301997	0.301199	-0.781816	-14.767752	-3.893192	nan	1.268091	-3.902538	-9.242144	3.576214	-117.589476	1.051746	1.711999	nan
-0.600	0.000	2.500	0.000	1.000	0.299903	0.301703	0.301997	0.301199	0.350430	0.405598	0.409505	0.387542	0.648850	0.532094	0.486798	0.551858	0.472078	0.763832	0.723344	0.638928
-0.600	0.000	2.500	0.000	1.500	0.299903	0.301703	0.301997	0.301199	0.405232	0.407912	0.398307	0.403797	0.973945	0.545699	0.526237	0.653968	0.508077	0.847621	0.705484	0.672263
-0.600	0.000	2.500	0.000	2.000	0.299903	0.301703	0.301997	0.301199	0.495882	0.401987	0.389268	0.426527	6.844290	0.604448	0.600739	1.354538	0.611190	0.995693	0.633119	0.727661
-0.600	0.000	2.500	0.000	2.500	0.299903	0.301703	0.301997	0.301199	0.665678	0.388213	0.384805	0.463296	-0.874522	0.780116	0.769905	nan	0.915240	1.150311	0.482039	0.797647
-0.600	0.000	2.500	0.500	1.000	0.299903	0.301703	0.301997	0.301199	0.533625	0.798035	0.894905	0.725012	0.993911	1.582266	1.169262	1.225123	2.146439	26.592835	12.485991	8.932412
-0.600	0.000	2.500	0.500	1.500	0.299903	0.301703	0.301997	0.301199	0.680605	0.810792	0.804140	0.762744	1.870733	1.599418	1.409226	1.615542	3.230550	-13.422249	8.350203	nan
-0.600	0.000	2.500	0.500	2.000	0.299903	0.301703	0.301997	0.301199	0.966313	0.774097	0.729494	0.817168	-2.465481	2.352385	2.325196	nan	-31.610298	-6.333194	2.438976	7.874439
-0.600	0.000	2.500	0.500	2.500	0.299903	0.301703	0.301997	0.301199	1.823966	0.702600	0.682683	0.956418	-0.530873	-7.456357	-7.112523	nan	-10.786493	3.856384	0.711362	nan
-0.600	0.000	2.500	0.500	3.000	0.299903	0.301703	0.301997	0.301199	-30.469395	0.623851	0.662324	nan	-0.283633	-0.871225	-1.303066	nan	1.814592	0.685899	0.378470	0.778079
-0.600	0.000	2.500	1.000	1.000	0.299903	0.301703	0.301997	0.301199	1.307234	33.597511	-4.240726	nan	-13.394336	-1.431632	-2.008083	nan	-117.589476	1.051746	1.711999	nan
-0.600	0.000	2.500	1.000	1.500	0.299903	0.301703	0.301997	0.301199	2.497468	45.152205	-31.310089	nan	-2.237729	-1.438425	-1.883830	nan	-117.589476	1.051746	1.711999	nan
-0.600	0.000	2.500	1.000	2.000	0.299903	0.301703	0.301997	0.301199	15.582482	7.586525	4.966887	8.373775	-0.627271	-0.876326	-1.092403	nan	-1.113893	-1.416775	-2.254940	nan
-0.600	0.000	2.500	1.000	2.500	0.299903	0.301703	0.301997	0.301199	-2.994003	2.974892	2.552067	nan	-0.433313	-0.598826	-0.809962	nan	-0.992493	3.871390	1.737709	nan
-0.600	0.000	2.500	1.000	3.000	0.299903	0.301703	0.301997	0.301199	-1.128342	1.701765	1.981315	nan	-11.271486	-2.816128	3.982738	5.018861	-0.245207	-1.150805	-3.559023	nan
-0.600	0.000	2.500	1.500	1.000	0.299903	0.301703	0.301997	0.301199	-1.279663	-0.792246	-0.598879	nan	-117.589476	1.051746	1.711999	nan	-4.349889	2.028946	1.354979	nan
-0.600	0.000	2.500	1.500	1.500	0.299903	0.301703	0.301997	0.301199	-1.132251	-0.836739	-0.742424	nan	-117.589476	1.051746	1.711999	nan	-1.827796	3.063790	1.354979	nan
-0.600	0.000	2.500	1.500	2.000	0.299903	0.301703	0.301997	0.301199	-1.152667	-1.037523	-1.082488	nan	-0.346259	-0.491348	-0.758702	nan	-117.589476	1.051746	1.711999	nan
-0.600	0.000	2.500	1.500	2.500	0.299903	0.301703	0.301997	0.301199	-0.963712	-1.579858	-1.743908	nan	-0.712135	-0.956552	-1.607434	nan	-117.589476	1.051746	1.711999	nan
-0.600	0.000	2.500	1.500	3.000	0.299903	0.301703	0.301997	0.301199	-0.636177	-3.482109	-2.647045	nan	6.333632	-3.860123	4.407697	nan	-117.589476	1.051746	1.711999	nan
-0.600	0.000	2.500	2.000	1.000	0.299903	0.301703	0.301997	0.301199	-117.589476	1.051746	1.711999	nan	-4.349889	2.028946	1.354979	nan	-0.197392	1.494550	-0.227150	0.406179
-0.600	0.000	2.500	2.000	1.500	0.299903	0.301703	0.301997	0.301199	-117.589476	1.051746	1.711999	nan	-0.283317	-0.389970	-0.335404	nan	-4.349889	2.028946	1.354979	nan
-0.600	0.000	2.500	2.000	2.000	0.299903	0.301703	0.301997	0.301199	-0.469741	-0.504976	-0.481371	nan	-0.514784	-0.544155	-0.638491	nan	-117.589476	1.051746	1.711999	nan
-0.600	0.000	2.500	2.000	2.500	0.299903	0.301703	0.301997	0.301199	-0.760797	-0.725254	-0.743776	nan	-0.663890	-0.862879	-1.004641	nan	-117.589476	1.051746	1.711999	nan
-0.600	0.000	2.500	2.000	3.000	0.299903	0.301703	0.301997	0.301199	-0.489167	-1.059669	-0.909840	nan	3.458958	-2.592618	-22.252507	5.843696	-117.589476	1.051746	1.711999	nan
-0.600	0.000	3.000	0.000	1.000	0.283000	0.336913	0.344079	0.320126	0.299903	0.301703	0.301997	0.301199	0.511184	0.443881	0.399766	0.449314	0.389084	0.623975	0.603065	0.527058
-0.600	0.000	3.000	0.000	1.500	0.315851	0.340434	0.336515	0.330755	0.299903	0.301703	0.301997	0.301199	0.649706	0.447079	0.422413	0.496912	0.408460	0.674323	0.598101	0.548190
-0.600	0.000	3.000	0.000	2.000	0.366016	0.339797	0.329378	0.344724	0.299903	0.301703	0.301997	0.301199	1.211228	0.470041	0.461085	0.640296	0.452508	0.756632	0.568481	0.579529
-0.600	0.000	3.000	0.500	1.000	0.299903	0.301703	0.301997	0.301199	0.389046	0.567708	0.635761	0.519765	0.704932	1.005316	0.767902	0.816429	1.093719	3.029742	2.795736	2.100242
-0.600	0.000	3.000	0.500	1.500	0.299903	0.301703	0.301997	0.301199	0.460029	0.581600	0.594913	0.541944	0.951168	0.979079	0.847780	0.924243	1.265743	4.594009	2.734952	2.514755
-0.600	0.000	3.000	0.500	2.000	0.299903	0.301703	0.301997	0.301199	0.575750	0.577316	0.555375	0.569392	3.053477	1.081387	1.033952	1.505770	1.869437	11.647843	2.028083	3.534657
-0.600	0.000	3.000	1.000	1.000	0.299903	0.301703	0.301997	0.301199	0.660458	1.821826	4.570929	1.765166	1.790095	-3.149826	-130.699323	9.032584	-1.607643	-1.066393	-1.131580	nan
-0.600	0.000	3.000	1.000	1.500	0.299903	0.301703	0.301997	0.301199	0.898540	1.986843	2.641925	1.677029	3.474366	-4.038852	-17.425948	6.253310	-1.350011	-0.981057	-1.097966	nan
-0.600	0.000	3.000	1.000	2.000	0.299903	0.301703	0.301997	0.301199	1.394803	1.856619	1.739949	1.651673	-2.231131	-2.727795	-3.823553	nan	-1.050604	-0.974086	-1.419507	nan
-0.600	0.000	3.000	1.000	2.500	0.299903	0.301703	0.301997	0.301199	3.164531	1.505680	1.315546	1.843810	-0.554588	-1.123963	-1.272195	nan	-1.108274	-2.086318	4.387625	2.164807
-0.600	0.000	3.000	1.000	3.000	0.299903	0.301703	0.301997	0.301199	-6.699088	1.169012	1.109961	nan	-0.367820	-0.910403	-1.339553	nan	-1.066301	13.651383	1.148677	nan
-0.600	0.000	3.000	1.500	1.000	0.299903	0.301703	0.301997	0.301199	4.750189	-1.420840	-0.849883	1.790077	-0.471647	-0.541121	-0.521433	nan	-1.428481	-0.485039	-0.609044	nan
-0.600	0.000	3.000	1.500	1.500	0.299903	0.301703	0.301997	0.301199	-9.157675	-1.379403	-1.049900	nan	-0.471709	-0.545753	-0.646202	nan	-1.222072	-0.510706	-0.513244	nan
-0.600	0.000	3.000	1.500	2.000	0.299903	0.301703	0.301997	0.301199	-2.884452	-1.584464	-1.558958	nan	-0.333617	-0.420797	-0.636595	nan	-2.157463	-0.869961	-0.613451	nan
-0.600	0.000	3.000	1.500	2.500	0.299903	0.301703	0.301997	0.301199	-1.737158	-2.370849	-3.017938	nan	-0.315279	-0.422888	-0.679630	nan	-1.073441	-1.971808	-1.002876	nan
-0.600	0.000	3.000	1.500	3.000	0.299903	0.301703	0.301997	0.301199	-1.071476	-6.889607	-10.967489	nan	-0.702203	-0.893438	-2.057337	nan	-0.283831	-0.714570	-0.768520	nan
-0.600	0.000	3.000	2.000	1.000	0.299903	0.301703	0.301997	0.301199	-0.538136	-0.478751	-0.370235	nan	-117.589476	1.051746	1.711999	nan	-0.172216	-0.237908	-0.212180	nan
-0.600	0.000	3.000	2.000	1.500	0.299903	0.301703	0.301997	0.301199	-0.543908	-0.498491	-0.419490	nan	-0.167950	1.051746	1.711999	nan	2.377071	-0.236279	-0.259597	0.526327
-0.600	0.000	3.000	2.000	2.000	0.299903	0.301703	0.301997	0.301199	-0.635869	-0.565495	-0.535096	nan	-0.240673	-0.336650	-0.471306	nan	-117.589476	1.051746	1.711999	nan
-0.600	0.000	3.000	2.000	2.500	0.299903	0.301703	0.301997	0.301199	-0.748941	-0.713329	-0.747021	nan	-0.375605	-0.531544	-0.707534	nan	-117.589476	1.051746	1.711999	nan
-0.600	0.000	3.000	2.000	3.000	0.299903	0.301703	0.301997	0.301199	-0.674981	-1.001120	-1.054272	nan	-0.750942	-0.933763	-1.462878	nan	-0.174944	-2.004082	1.711999	0.843540
-0.600	0.000	3.500	0.000	1.000	0.237554	0.287924	0.296521	0.272709	0.299903	0.301703	0.301997	0.301199	0.424091	0.381229	0.339465	0.380026	0.331161	0.527753	0.516570	0.448607
-0.600	0.000	3.500	0.000	1.500	0.258985	0.291292	0.291254	0.280086	0.299903	0.301703	0.301997	0.301199	0.497687	0.380916	0.353786	0.406295	0.343067	0.560736	0.516017	0.463021
-0.600	0.000	3.500	0.000	2.000	0.290503	0.292644	0.285781	0.289629	0.299903	0.301703	0.301997	0.301199	0.705522	0.390534	0.376965	0.470064	0.366466	0.611883	0.503384	0.483282
-0.600	0.000	3.500	0.000	2.500	0.335965	0.290702	0.281259	0.301728	0.299903	0.301703	0.301997	0.301199	1.874062	0.418342	0.414128	0.687306	0.418897	0.691497	0.467582	0.513553
-0.600	0.000	3.500	0.000	3.000	0.405134	0.285400	0.278420	0.318115	0.299903	0.301703	0.301997	0.301199	-1.496922	0.480951	0.478870	nan	0.547454	0.801726	0.399235	0.559587
-0.600	0.000	3.500	1.000	1.000	0.299903	0.301703	0.301997	0.301199	0.446757	0.938249	1.475191	0.851947	0.956689	21.054373	2.173839	3.524630	-4.268811	-1.536727	-1.615057	nan
-0.600	0.000	3.500	1.000	1.500	0.299903	0.301703	0.301997	0.301199	0.544312	0.996624	1.236135	0.875283	1.207475	7.357327	2.477739	2.802536	-2.953623	-1.340145	-1.529927	nan
-0.600	0.000	3.500	1.000	2.000	0.299903	0.301703	0.301997	0.301199	0.708332	1.006896	1.024518	0.900701	3.606659	8.777314	4.024947	5.032019	-1.896964	-1.193659	-1.732139	nan
-0.600	0.000	3.500	1.500	1.000	0.299903	0.301703	0.301997	0.301199	0.948216	-6.063757	-1.421640	2.014403	-1.786688	-0.739871	-0.889307	nan	-0.790075	-0.528987	-0.600835	nan
-0.600	0.000	3.500	1.500	1.500	0.299903	0.301703	0.301997	0.301199	1.490976	-4.493957	-1.884609	2.328665	-1.643570	-0.809847	-1.016571	nan	-0.727130	-0.517951	-0.548837	nan
-0.600	0.000	3.500	1.500	2.000	0.299903	0.301703	0.301997	0.301199	3.196126	-4.845852	-3.478361	3.776791	-0.898691	-0.767782	-0.981924	nan	-0.681300	-0.540625	-0.568392	nan
-0.600	0.000	3.500	1.500	2.500	0.299903	0.301703	0.301997	0.301199	-169.795318	-10.999477	-46.285273	nan	-0.420554	-0.541599	-0.708990	nan	-0.848610	-0.893778	-1.017517	nan
-0.600	0.000	3.500	1.500	3.000	0.299903	0.301703	0.301997	0.301199	-2.855474	9.406277	4.630948	nan	-0.277395	-0.371041	-0.464825	nan	-1.265920	4.044636	2.027657	nan
-0.600	0.000	3.500	2.000	1.000	0.299903	0.301703	0.301997	0.301199	-1.861837	-0.679926	-0.466208	nan	-0.212153	-0.273053	-0.241263	nan	-3.425665	-0.430229	-0.668613	nan
-0.600	0.000	3.500	2.000	1.500	0.299903	0.301703	0.301997	0.301199	-1.261317	-0.672824	-0.520004	nan	-0.213156	-0.276367	-0.282182	nan	-10.730881	-0.466643	-0.532848	nan
-0.600	0.000	3.500	2.000	2.000	0.299903	0.301703	0.301997	0.301199	-1.070808	-0.714011	-0.637620	nan	-0.245256	-0.263209	-0.335708	nan	-1.735590	-0.657768	-0.482697	nan
-0.600	0.000	3.500	2.000	2.500	0.299903	0.301703	0.301997	0.301199	-1.008366	-0.840644	-0.863854	nan	-0.229523	-0.314162	-0.528596	nan	-1.526531	-0.800971	-0.410881	nan
-0.600	0.000	3.500	2.000	3.000	0.299903	0.301703	0.301997	0.301199	-0.887995	-1.120921	-1.268742	nan	-0.365280	-0.518346	-0.832016	nan	-0.325745	-0.506515	-0.418464	nan
-0.600	0.000	4.000	0.000	3.000	0.311754	0.253768	0.245711	0.268880	5.718091	0.380593	0.378453	0.937363	0.299903	0.301703	0.301997	0.301199	0.398565	0.641069	0.391217	0.464096
-0.600	0.000	4.000	0.500	1.000	0.253684	0.359671	0.400499	0.331843	0.299903	0.301703	0.301997	0.301199	0.452795	0.581594	0.456721	0.493618	0.552499	1.094441	1.091016	0.870532
-0.600	0.000	4.000	0.500	1.500	0.279198	0.367344	0.387682	0.341313	0.299903	0.301703	0.301997	0.301199	0.511762	0.565424	0.477956	0.517142	0.582653	1.233737	1.107310	0.926760
-0.600	0.000	4.000	0.500	2.000	0.316779	0.372279	0.373114	0.353038	0.299903	0.301703	0.301997	0.301199	0.677479	0.567393	0.515892	0.583149	0.641874	1.473153	1.072705	1.004753
-0.600	0.000	4.000	1.500	1.000	0.299903	0.301703	0.301997	0.301199	0.545625	2.750677	-4.261850	nan	3.575628	-1.045441	-1.834655	1.899920	-0.852921	-0.615635	-0.671521	nan
-0.600	0.000	4.000	1.500	1.500	0.299903	0.301703	0.301997	0.301199	0.695372	3.436786	-10.671157	nan	4.660054	-1.214945	-2.049960	2.264111	-0.789666	-0.588444	-0.626831	nan
-0.600	0.000	4.000	2.000	1.000	0.299903	0.301703	0.301997	0.301199	2.154834	-1.108935	-0.608105	1.132660	-0.336599	-0.395322	-0.355493	nan	-1.190622	-0.363482	-0.508809	nan
-0.600	0.000	4.000	2.000	1.500	0.299903	0.301703	0.301997	0.301199	8.750291	-1.043804	-0.679407	1.837626	-0.366029	-0.414724	-0.431085	nan	-0.980257	-0.367472	-0.418604	nan
-0.600	0.000	4.000	2.000	2.000	0.299903	0.301703	0.301997	0.301199	-5.002368	-1.050264	-0.830832	nan	-0.342182	-0.402750	-0.497831	nan	-0.933568	-0.397590	-0.383985	nan
-0.600	0.000	4.000	2.000	2.500	0.299903	0.301703	0.301997	0.301199	-2.277703	-1.181383	-1.142401	nan	-0.254483	-0.320370	-0.481843	nan	-1.618322	-0.651147	-0.463162	nan
-0.600	0.000	4.000	2.000	3.000	0.299903	0.301703	0.301997	0.301199	-1.516010	-1.545481	-1.826156	nan	-0.221508	-0.284399	-0.430849	nan	-1.466407	-2.280660	-0.870278	nan
-0.600	0.500	2.000	0.000	1.000	0.336153	0.330894	0.330930	0.332650	0.578558	0.517153	0.508151	0.533727	2.368391	0.699291	0.742387	1.071307	0.799138	0.907035	0.716678	0.803878
-0.600	0.500	2.000	0.000	1.500	0.337044	0.331834	0.331861	0.333571	0.700974	0.507174	0.497663	0.561390	-3.986166	0.788703	0.862494	nan	0.874548	0.981275	0.640949	0.819344
-0.600	0.500	2.000	0.000	2.000	0.338409	0.333257	0.333270	0.334970	0.978402	0.486125	0.491699	0.616105	-0.757622	1.080320	1.226673	nan	0.966831	1.053707	0.510389	0.804126
-0.600	0.500	2.000	0.000	2.500	0.340468	0.335333	0.335328	0.337035	1.998724	0.457441	0.493301	0.766890	-0.354031	4.733944	8.895891	nan	0.813097	0.785469	0.341712	0.602065
-0.600	0.500	2.000	0.000	3.000	0.344436	0.338646	0.338665	0.340571	-7.166500	0.425478	0.503045	nan	-0.213434	-1.484084	-4.527053	nan	0.486420	0.496394	0.268831	0.401889
-0.600	0.500	2.000	0.500	1.000	0.329245	0.325348	0.325426	0.326668	1.909222	1.308804	1.320840	1.488882	-1.139942	6.175895	-2.678157	2.661580	0.926593	1.038616	0.558381	0.813002
-0.600	0.500	2.000	0.500	1.500	0.329818	0.325960	0.326033	0.327265	3.130586	1.235719	1.211314	1.673404	-0.776178	-8.241759	-3.783395	nan	1.497485	1.121307	0.648367	1.028733
-0.600	0.500	2.000	0.500	2.000	0.330670	0.326864	0.326929	0.328150	-229.521527	1.087164	1.122341	nan	-0.417198	-4.879885	-1.474308	nan	1.700657	2.497794	0.551570	1.328183
-0.600	0.500	2.000	0.500	2.500	0.331871	0.328122	0.328174	0.329384	-2.037868	0.917820	1.080011	nan	1.599780	-24.383974	60.609410	nan	-0.277904	-3.978854	0.827782	0.970933
-0.600	0.500	2.000	0.500	3.000	0.333572	0.329851	0.329882	0.331097	-0.866837	0.771912	1.095647	nan	0.570921	2.073452	0.898484	1.020768	-0.179862	-1.068427	1.895582	0.714182
-0.600	0.500	2.000	1.000	1.000	0.324569	0.321589	0.321700	0.322616	-1.212891	-10.376847	-4.633047	nan	1.958371	1.122510	1.314560	1.424367	-1.602333	2.715981	1.115257	nan
-0.600	0.500	2.000	1.000	1.500	0.324975	0.322024	0.322132	0.323041	-1.208170	-7.222148	-4.755595	nan	1.888569	1.394603	1.662569	1.636017	-0.813592	5.354237	1.196307	nan
-0.600	0.500	2.000	1.000	2.000	0.325571	0.322661	0.322763	0.323662	-1.017008	-14.254245	-6.384970	nan	1.820940	3.074588	2.547444	2.425096	-0.491284	-42.623293	1.372944	3.063451
-0.600	0.500	2.000	1.000	2.500	0.326393	0.323530	0.323625	0.324513	-0.711675	8.432810	-10.461893	3.974551	1.115122	9.926707	1.979266	2.798190	-0.365263	-142.780681	1.582184	4.353554
-0.600	0.500	2.000	1.000	3.000	0.327501	0.324685	0.324767	0.325648	-0.475904	2.750553	-10.884898	2.424308	0.479364	1.910889	0.806146	0.903867	-0.244906	6.397742	1.577760	nan
-0.600	0.500	2.000	1.500	1.000	0.321188	0.318867	0.319004	0.319685	-0.932438	1.660093	-3.530741	1.761460	3.126314	10.411744	0.986144	3.178085	3.088750	1.183363	1.112479	1.596115
-0.600	0.500	2.000	1.500	1.500	0.321494	0.319195	0.319330	0.320004	-3.686228	-4.686610	5.873837	4.664313	-1.680769	2.711877	-28.781880	5.081193	-8.636244	1.417379	1.179154	nan
-0.600	0.500	2.000	1.500	2.000	0.321941	0.319670	0.319803	0.320470	-0.547041	-1.388816	-0.927219	nan	1.547740	9.875550	2.141689	3.198933	-1.766158	1.878050	1.335444	nan
-0.600	0.500	2.000	1.500	2.500	0.322549	0.320314	0.320443	0.321100	-0.448300	-1.502388	-0.919839	nan	0.951073	-10.950561	2.343676	nan	-1.387687	1.864095	1.484168	nan
-0.600	0.500	2.000	1.500	3.000	0.323355	0.321156	0.321278	0.321928	-0.342701	-2.158655	-0.889150	nan	0.416380	2.056319	0.788761	0.877355	-1.310468	1.415812	1.419709	nan
-0.600	0.500	2.000	2.000	1.000	0.318630	0.316805	0.316964	0.317465	-2.342908	1.613023	8.137822	nan	-3.376776	5.688339	1.388200	nan	1.911361	1.056602	1.103088	1.306035
-0.600	0.500	2.000	2.000	1.500	0.318871	0.317062	0.317220	0.317717	-1.675840	3.209075	-6.347322	3.243901	-2.953518	-10.030762	3.052584	4.488629	4.303930	1.203347	1.146670	1.810915
-0.600	0.500	2.000	2.000	2.000	0.319222	0.317433	0.317591	0.318081	-1.062977	-2.891639	-1.431094	nan	-1.307762	-1.303361	-1.640926	nan	-5.149515	1.569144	1.283160	nan
-0.600	0.500	2.000	2.000	2.500	0.319697	0.317933	0.318089	0.318572	-0.778283	-1.730952	-1.134112	nan	-2.886222	-1.072503	-1.304298	nan	-3.108736	1.802218	1.499692	nan
-0.600	0.500	2.000	2.000	3.000	0.320320	0.318580	0.318734	0.319211	-0.544365	-3.852820	-1.389462	nan	0.905994	-3.068338	21.673046	nan	-2.908231	1.416820	1.379010	nan
-0.600	0.500	2.500	0.000	1.000	0.333469	0.329082	0.329138	0.330556	0.389806	0.409811	0.406674	0.402000	0.832309	0.534160	0.517366	0.612705	0.506451	0.826977	0.709439	0.667291
-0.600	0.500	2.500	0.000	1.500	0.334593	0.330224	0.330247	0.331682	0.446302	0.408414	0.397848	0.417012	1.533318	0.559861	0.561868	0.784240	0.564681	0.911770	0.661311	0.698283
-0.600	0.500	2.500	0.000	2.000	0.337059	0.332496	0.332432	0.333989	0.541324	0.399181	0.389825	0.438362	-4.216747	0.634012	0.649836	nan	0.710460	1.055387	0.569263	0.752930
-0.600	0.500	2.500	0.500	1.000	0.327217	0.323847	0.323942	0.324998	0.672233	0.815374	0.846234	0.774086	1.808162	1.494168	1.493666	1.592075	1.598305	2.350361	1.692790	1.852674
-0.600	0.500	2.500	0.500	1.500	0.327788	0.324444	0.324529	0.325583	0.845061	0.808771	0.785386	0.812704	139.828676	1.745877	2.018728	7.898827	2.418309	3.116096	1.369539	2.177203
-0.600	0.500	2.500	0.500	2.000	0.328678	0.325360	0.325425	0.326484	1.223127	0.765708	0.732099	0.881796	-1.060249	3.367338	6.070108	nan	6.557498	3.900305	0.917564	2.863020
-0.600	0.500	2.500	0.500	2.500	0.330112	0.326765	0.326793	0.327886	2.673594	0.695898	0.696120	1.090038	-0.421910	-2.628673	-1.844214	nan	4.226263	1.546567	0.497245	1.481262
-0.600	0.500	2.500	0.500	3.000	0.334121	0.329677	0.329631	0.331136	-6.321062	0.616178	0.676063	nan	-0.264752	-0.819139	-1.000391	nan	1.712824	0.696918	0.345951	0.744680
-0.600	0.500	2.500	1.000	1.000	0.323059	0.320438	0.320562	0.321351	3.498065	14.109636	-35.424959	nan	-1.376536	-1.916933	-1.194176	nan	5.077771	1.968418	1.159339	2.262908
-0.600	0.500	2.500	1.000	1.500	0.323446	0.320847	0.320966	0.321751	12.636703	11.267109	10.911039	11.581659	-0.810821	-1.213975	-0.942039	nan	-11.353781	2.392921	1.119115	nan
-0.600	0.500	2.500	1.000	2.000	0.324022	0.321451	0.321561	0.322342	-5.582893	5.392385	4.265697	nan	-0.533639	-0.877005	-0.791031	nan	-1.573400	6.357369	1.163366	nan
-0.600	0.500	2.500	1.000	2.500	0.324840	0.322295	0.322389	0.323172	-1.836055	2.762926	2.765935	nan	-1.457256	-1.281675	-1.731162	nan	-0.336549	-1.668834	5.451446	1.452082
-0.600	0.500	2.500	1.000	3.000	0.326049	0.323493	0.323555	0.324363	-0.932132	1.691073	2.265268	nan	2.490013	-4.786867	2.990760	nan	-0.202301	-0.783699	-2.876392	nan
-0.600	0.500	2.500	1.500	1.000	0.320033	0.317973	0.318121	0.318708	-1.006569	-1.243481	-1.070574	nan	-20.494758	1.943607	4.356768	nan	-0.640288	-28.131006	1.556214	3.037690
-0.600	0.500	2.500	1.500	1.500	0.320322	0.318278	0.318423	0.319007	-0.976136	-1.166043	-1.106028	nan	-3.374840	6.483523	-83.615621	12.230678	-0.472984	-3.640838	1.802990	1.458860
-0.600	0.500	2.500	1.500	2.000	0.320746	0.318724	0.318864	0.319443	-0.923942	-1.269180	-1.288378	nan	-1.374757	-2.175310	-2.597404	nan	-0.376482	-2.036319	2.400547	1.225463
-0.600	0.500	2.500	1.500	2.500	0.321329	0.319331	0.319463	0.320040	-0.762280	-1.733116	-1.654856	nan	-1.737285	-1.495373	-2.753268	nan	-0.312959	-2.160528	2.883432	1.249259
-0.600	0.500	2.500	1.500	3.000	0.322120	0.320143	0.320260	0.320840	-0.544484	-3.411645	-2.062413	nan	1.867512	-4.347603	3.527116	nan	-0.207778	-1.935119	2.946397	1.058114
-0.600	0.500	2.500	2.000	1.000	0.317723	0.316095	0.316262	0.316693	-0.987156	3.181830	-2.134822	1.885709	-1.551763	-1.675045	-26.855128	nan	-2.602843	1.575639	1.345512	nan
-0.600	0.500	2.500	2.000	1.500	0.317951	0.316334	0.316500	0.316928	-0.671318	-0.872733	-0.904064	nan	-1.359907	-149.388452	-3.771001	nan	-1.643189	1.902271	1.421387	nan
-0.600	0.500	2.500	2.000	2.000	0.318282	0.316681	0.316845	0.317269	-0.587854	-0.698082	-0.661301	nan	-0.949178	-1.356000	-1.376988	nan	-1.250888	2.425855	1.599471	nan
-0.600	0.500	2.500	2.000	2.500	0.318733	0.317150	0.317310	0.317730	-0.548254	-0.774870	-0.703114	nan	-1.351299	-1.068409	-1.393086	nan	-1.182406	2.136632	1.705891	nan
-0.600	0.500	2.500	2.000	3.000	0.319331	0.317764	0.317917	0.318336	-0.404352	-0.997912	-0.739115	nan	1.435518	-2.581718	10.021427	nan	-0.994380	1.655402	1.622839	nan
-0.600	0.500	3.000	0.000	1.000	0.309628	0.347670	0.349693	0.335144	0.321779	0.320196	0.320303	0.320759	0.571620	0.440545	0.411380	0.469656	0.399354	0.659078	0.604798	0.541962
-0.600	0.500	3.000	0.000	1.500	0.338517	0.346237	0.339957	0.341554	0.328280	0.323824	0.323826	0.325303	0.766524	0.448735	0.435100	0.530927	0.423962	0.711287	0.588724	0.562032
-0.600	0.500	3.000	0.000	2.000	0.389934	0.342967	0.332555	0.354298	0.330732	0.326125	0.326214	0.327683	1.736628	0.476671	0.476001	0.733125	0.481157	0.800008	0.547310	0.595029
-0.600	0.500	3.000	0.500	1.000	0.326065	0.323360	0.323503	0.324307	0.434483	0.575810	0.614229	0.535625	0.838732	0.959431	0.824269	0.872105	1.118237	3.205203	2.451016	2.063377
-0.600	0.500	3.000	0.500	1.500	0.327128	0.324469	0.324561	0.325384	0.507463	0.580520	0.579953	0.554887	1.303996	0.981883	0.927181	1.058848	1.354457	4.557339	2.085237	2.343567
-0.600	0.500	3.000	0.500	2.000	0.330704	0.327887	0.327735	0.328773	0.622100	0.563572	0.541592	0.574770	110.534968	1.138281	1.172493	5.283882	2.252681	8.706823	1.443881	3.048108
-0.600	0.500	3.000	1.000	1.000	0.321907	0.319647	0.319791	0.320447	0.847426	1.893445	3.063261	1.700250	2.804583	-5.292486	-15.879103	6.177100	-2.217780	-1.611862	-1.704408	nan
-0.600	0.500	3.000	1.000	1.500	0.322345	0.320097	0.320229	0.320888	1.143671	1.946961	2.181704	1.693628	-24.467099	-4.366617	-5.318278	nan	-1.673470	-1.523247	-2.156117	nan
-0.600	0.500	3.000	1.000	2.000	0.323057	0.320817	0.320922	0.321597	1.838328	1.771967	1.621392	1.741495	-1.179362	-2.224773	-2.113922	nan	-1.270390	-1.687355	-11.227613	nan
-0.600	0.500	3.000	1.000	2.500	0.324369	0.322070	0.322108	0.322847	5.548183	1.443693	1.298267	2.182713	-0.452616	-0.885960	-0.858861	nan	-1.591209	-572.946042	1.117109	10.061102
-0.600	0.500	3.000	1.000	3.000	0.331364	0.326713	0.326396	0.328150	-4.672898	1.098826	1.090861	nan	-0.337911	-0.554570	-0.637762	nan	-1.128744	1.307345	0.567019	nan
-0.600	0.500	3.000	1.500	1.000	0.319083	0.317272	0.317433	0.317928	-8.246452	-1.548880	-1.082879	nan	-0.589455	-0.661055	-0.717457	nan	-2.095950	-2.893267	-1.487735	nan
-0.600	0.500	3.000	1.500	1.500	0.319378	0.317577	0.317733	0.318228	-3.185785	-1.553604	-1.318665	nan	-0.441620	-0.538306	-0.644039	nan	-2.428855	-3.507897	-1.646117	nan
-0.600	0.500	3.000	1.500	2.000	0.319821	0.318032	0.318178	0.318676	-2.018420	-1.792000	-1.863988	nan	-0.363838	-0.475662	-0.616582	nan	-1.270772	-2.487285	-1.549127	nan
-0.600	0.500	3.000	1.500	2.500	0.320468	0.318685	0.318811	0.319320	-1.389452	-2.656980	-3.266359	nan	-0.483467	-0.625065	-0.901356	nan	-0.417737	-0.928145	-0.956469	nan
-0.600	0.500	3.000	1.500	3.000	0.321508	0.319689	0.319765	0.320319	-0.926115	-8.015249	-8.591695	nan	-1.026191	-1.046566	-2.375924	nan	-0.229905	-0.586625	-0.760528	nan
-0.600	0.500	3.000	2.000	1.000	0.316950	0.315505	0.315683	0.316045	-0.606687	-0.616649	-0.515591	nan	-0.983421	-4.427177	-3.039969	nan	-0.251927	-0.811450	-0.613488	nan
-0.600	0.500	3.000	2.000	1.500	0.317174	0.315738	0.315913	0.316274	-0.610986	-0.605815	-0.546068	nan	-0.629411	-1.285186	-1.400358	nan	-0.261377	-0.697563	-0.612819	nan
-0.600	0.500	3.000	2.000	2.000	0.317505	0.316078	0.316249	0.316610	-0.657876	-0.641928	-0.629381	nan	-0.466827	-0.701013	-0.834990	nan	-0.275381	-0.663777	-0.808327	nan
-0.600	0.500	3.000	2.000	2.500	0.317964	0.316546	0.316708	0.317072	-0.688372	-0.761404	-0.787589	nan	-0.507380	-0.670587	-0.834075	nan	-0.257096	-0.657985	-1.195656	nan
-0.600	0.500	3.000	2.000	3.000	0.318603	0.317186	0.317330	0.317706	-0.593689	-1.018238	-1.004947	nan	-1.009852	-0.986504	-1.566486	nan	-0.187604	-0.497576	-0.929222	nan
-0.600	0.500	3.500	0.000	1.000	0.248510	0.291020	0.296089	0.277692	0.334780	0.329822	0.328500	0.331023	0.438108	0.369814	0.339874	0.380447	0.336240	0.547077	0.519187	0.457096
-0.600	0.500	3.500	0.000	1.500	0.270160	0.293542	0.291387	0.284831	0.339805	0.331626	0.330619	0.333992	0.512560	0.370421	0.352407	0.405971	0.349769	0.580750	0.514002	0.470882
-0.600	0.500	3.500	0.000	2.000	0.302358	0.294114	0.286524	0.294261	0.353129	0.335007	0.334433	0.340747	0.691851	0.378686	0.371611	0.460038	0.377171	0.634383	0.495804	0.491360
-0.600	0.500	3.500	0.000	2.500	0.349463	0.291631	0.282546	0.306508	0.398858	0.341396	0.341267	0.359521	1.151920	0.399614	0.399778	0.568801	0.438688	0.719218	0.454914	0.523579
-0.600	0.500	3.500	0.000	3.000	0.422270	0.286046	0.280140	0.323445	0.713085	0.354333	0.354347	0.447364	1.315783	0.439680	0.441517	0.634487	0.581189	0.829107	0.384787	0.570229
-0.600	0.500	3.500	1.000	1.000	0.321737	0.320323	0.320686	0.320915	0.501716	0.954458	1.312039	0.856486	1.068481	6.983253	2.322057	2.587612	-4.233785	-1.554865	-1.656379	nan
-0.600	0.500	3.500	1.000	1.500	0.323300	0.322212	0.322573	0.322695	0.601491	0.978313	1.116797	0.869415	1.555273	5.751668	2.920992	2.967406	-2.846511	-1.398462	-1.741780	nan
-0.600	0.500	3.500	1.000	2.000	0.337154	0.339594	0.339492	0.338745	0.710404	0.846160	0.838765	0.795914	28.916289	10.186801	6.299631	12.288489	-1.783702	-1.293319	-2.432476	nan
-0.600	0.500	3.500	1.500	1.000	0.318434	0.316919	0.317122	0.317491	1.291141	-5.650267	-1.735603	2.330761	-2.118374	-0.867545	-1.035842	nan	-0.795602	-0.601348	-0.610366	nan
-0.600	0.500	3.500	1.500	1.500	0.318827	0.317317	0.317507	0.317883	2.100232	-4.837615	-2.384600	2.893597	-1.425106	-0.862578	-1.030174	nan	-0.751885	-0.610496	-0.619928	nan
-0.600	0.500	3.500	1.500	2.000	0.319519	0.318010	0.318168	0.318565	5.505521	-5.806820	-4.820542	5.361392	-0.737882	-0.738257	-0.879773	nan	-0.734888	-0.695525	-0.753824	nan
-0.600	0.500	3.500	1.500	2.500	0.321126	0.319555	0.319603	0.320094	-10.031764	-21.278587	35.937649	19.722256	-0.367606	-0.476530	-0.571401	nan	-1.051167	-1.761428	-2.903577	nan
-0.600	0.500	3.500	1.500	3.000	0.350215	0.338592	0.336425	0.341691	-5.400152	3.219975	2.619290	nan	-0.311451	-0.408631	-0.523036	nan	-0.736432	19.287086	2.801714	nan
-0.600	0.500	3.500	2.000	1.000	0.316337	0.315082	0.315282	0.315566	-1.353525	-0.716189	-0.529503	nan	-0.263306	-0.335136	-0.315107	nan	-2.141800	-0.771310	-0.748152	nan
-0.600	0.500	3.500	2.000	1.500	0.316585	0.315333	0.315526	0.315814	-1.113002	-0.716127	-0.589091	nan	-0.302703	-0.344734	-0.346672	nan	-0.921630	-0.718768	-0.647479	nan
-0.600	0.500	3.500	2.000	2.000	0.316966	0.315714	0.315897	0.316192	-1.004362	-0.759990	-0.707817	nan	-0.235083	-0.315008	-0.533312	nan	-1.813316	-0.920388	-0.412380	nan
-0.600	0.500	3.500	2.000	2.500	0.317551	0.316290	0.316449	0.316763	-0.939636	-0.885573	-0.923680	nan	-0.288706	-0.400871	-0.599931	nan	-0.507544	-0.608444	-0.424652	nan
-0.600	0.500	3.500	2.000	3.000	0.318636	0.317319	0.317406	0.317786	-0.818418	-1.168141	-1.293193	nan	-0.430477	-0.571671	-0.867695	nan	-0.258601	-0.452561	-0.421600	nan
-0.600	0.500	4.000	0.000	2.500	0.278028	0.256821	0.249106	0.261037	0.972328	0.356940	0.351845	0.496119	0.324876	0.320125	0.320361	0.321780	0.346631	0.580864	0.423226	0.440053
-0.600	0.500	4.000	0.000	3.000	0.320515	0.254199	0.246520	0.271826	-1540.340442	0.389961	0.389871	nan	0.326111	0.321020	0.321321	0.322809	0.413564	0.659728	0.382959	0.470999
-0.600	0.500	4.000	0.500	1.000	0.265838	0.364402	0.397099	0.337571	0.335530	0.338806	0.333024	0.335778	0.447280	0.515047	0.438933	0.465881	0.561970	1.156256	1.104089	0.895208
-0.600	0.500	4.000	0.500	1.500	0.291724	0.370796	0.385396	0.346741	0.346077	0.346146	0.340079	0.344089	0.489940	0.492732	0.447207	0.476161	0.595222	1.301697	1.099387	0.947938
-0.600	0.500	4.000	0.500	2.000	0.330148	0.374418	0.372115	0.358300	0.383701	0.362068	0.356351	0.367187	0.550489	0.470671	0.452853	0.489562	0.663268	1.556761	1.040145	1.024082
-0.600	0.500	4.000	1.500	1.000	0.319725	0.320391	0.321820	0.320644	0.616190	2.674040	-9.525907	nan	3.399358	-1.217289	-2.073265	2.047144	-0.838502	-0.623040	-0.651398	nan
-0.600	0.500	4.000	1.500	1.500	0.324763	0.329578	0.333045	0.329111	0.752883	2.468104	7.639380	2.421306	7.161263	-1.333539	-2.068770	2.703352	-0.779868	-0.604288	-0.636640	nan
-0.600	0.500	4.000	2.000	1.000	0.316066	0.315109	0.315407	0.315527	4.154042	-1.109378	-0.662004	1.450342	-0.386945	-0.436765	-0.430086	nan	-1.011782	-0.391601	-0.446308	nan
-0.600	0.500	4.000	2.000	1.500	0.316486	0.315536	0.315827	0.315950	-27.182382	-1.069635	-0.744743	nan	-0.386688	-0.434245	-0.483763	nan	-0.935650	-0.406833	-0.409492	nan
-0.600	0.500	4.000	2.000	2.000	0.317339	0.316407	0.316677	0.316807	-3.446696	-1.100314	-0.914714	nan	-0.331418	-0.395176	-0.510797	nan	-1.015824	-0.474908	-0.415354	nan
-0.600	0.500	4.000	2.000	2.500	0.320227	0.319377	0.319517	0.319707	-2.082003	-1.288143	-1.286050	nan	-0.244025	-0.299191	-0.430859	nan	-1.884454	-1.025922	-0.609705	nan
-0.600	1.000	3.500	0.000	1.000	0.282729	0.298082	0.295765	0.292113	0.479131	0.427769	0.424234	0.443020	0.540362	0.363692	0.354327	0.411410	0.357383	0.604447	0.505750	0.478053
-0.600	1.000	3.500	0.000	1.500	0.305541	0.298629	0.292468	0.298832	0.503391	0.434846	0.432449	0.455748	0.659526	0.368947	0.366670	0.446845	0.378881	0.642930	0.489788	0.492295
-0.600	1.000	3.500	0.000	2.000	0.340617	0.297423	0.289142	0.308260	0.560398	0.447454	0.446359	0.481921	0.954901	0.381157	0.385505	0.519634	0.422927	0.707003	0.459762	0.516107
-0.600	1.000	3.500	0.000	2.500	0.394063	0.293745	0.286583	0.321313	0.727153	0.469479	0.469484	0.543193	1.943721	0.404720	0.413684	0.687837	0.514833	0.804409	0.410599	0.554013
-0.600	1.000	3.500	0.000	3.000	0.480584	0.287569	0.285357	0.340382	1.853279	0.509418	0.509828	0.783694	8.859323	0.447269	0.458328	1.220062	0.675513	0.886626	0.342840	0.589959
-0.600	1.000	4.000	0.000	2.000	0.269705	0.259609	0.253242	0.260764	0.788015	0.359077	0.354172	0.464493	0.425105	0.385670	0.385634	0.398378	0.335446	0.568945	0.429057	0.434246
-0.600	1.000	4.000	0.000	2.500	0.301954	0.258382	0.250747	0.269451	2.017205	0.381238	0.383228	0.665479	0.432021	0.389629	0.389962	0.403391	0.378627	0.630446	0.400929	0.457413
-0.600	1.000	4.000	0.000	3.000	0.348798	0.255235	0.249019	0.280920	-1.871847	0.424334	0.430939	nan	0.440630	0.394884	0.395559	0.409812	0.466574	0.717279	0.356342	0.492220
-0.600	1.000	4.000	0.500	1.000	0.304075	0.375375	0.388908	0.354077	0.461413	0.439329	0.427830	0.442640	0.502520	0.466494	0.439150	0.468674	0.598322	1.338214	1.055817	0.945547
-0.600	1.500	3.500	0.000	1.000	0.346386	0.304233	0.297334	0.315261	1.284889	0.730257	0.724123	0.879126	1.238871	0.395103	0.406916	0.584001	0.428736	0.700878	0.435712	0.507782
-0.600	1.500	3.500	0.000	1.500	0.373224	0.302935	0.295743	0.322164	1.565798	0.766748	0.762644	0.971039	2.173078	0.407565	0.424185	0.721566	0.469404	0.748008	0.413389	0.525538
-0.600	1.500	3.500	0.000	2.000	0.416637	0.300145	0.294349	0.332647	2.521535	0.831795	0.829929	1.202931	-62.148197	0.429907	0.452365	nan	0.540776	0.817180	0.380049	0.551728
-0.600	1.500	3.500	0.000	2.500	0.487054	0.295492	0.293685	0.348338	-84.324703	0.950427	0.950660	nan	-1.715561	0.469365	0.499531	nan	0.644537	0.883390	0.335885	0.576143
-0.600	1.500	4.000	0.000	1.000	0.267767	0.262687	0.258019	0.262794	0.773887	0.376230	0.372614	0.476940	0.798758	0.549647	0.549089	0.622368	0.332187	0.566059	0.423782	0.430324
-0.600	1.500	4.000	0.000	1.500	0.284419	0.262773	0.256555	0.267654	1.088299	0.386641	0.388539	0.546802	0.830329	0.558869	0.559484	0.637944	0.352068	0.596936	0.410142	0.441736
-0.600	1.500	4.000	0.000	2.000	0.309800	0.261987	0.255049	0.274575	2.809671	0.406666	0.414928	0.779750	0.877203	0.572514	0.574523	0.660792	0.389117	0.646741	0.387783	0.460398
-0.600	1.500	4.000	0.000	2.500	0.347330	0.259871	0.253880	0.284038	-2.362491	0.443573	0.458555	nan	0.943606	0.591826	0.595464	0.692809	0.456650	0.719354	0.354718	0.488431
-0.600	1.500	4.000	0.000	3.000	0.404252	0.256233	0.253374	0.297178	-0.694098	0.513473	0.536250	nan	1.038446	0.619532	0.625389	0.738243	0.566108	0.794632	0.310983	0.519119
-0.600	2.000	3.500	0.000	1.000	0.460159	0.305796	0.301823	0.348897	-1.085512	9.113517	8.266097	nan	-1.110668	0.504276	0.554470	nan	0.548967	0.740478	0.324188	0.508883
-0.600	2.000	3.500	0.000	1.500	0.499309	0.303642	0.301918	0.357717	-0.917876	90.782961	48.953863	nan	-0.805116	0.533162	0.595179	nan	0.579126	0.761785	0.308065	0.514142
-0.600	2.000	4.000	0.000	1.000	0.325424	0.265223	0.258985	0.281695	-25.305912	0.472512	0.490104	nan	-2.856627	1.262659	1.296622	nan	0.414038	0.654795	0.356262	0.458816
-0.600	2.000	4.000	0.000	1.500	0.345700	0.264460	0.258659	0.287031	-2.372486	0.497721	0.521518	nan	-2.342020	1.347049	1.394632	nan	0.447303	0.689603	0.340845	0.471975
-0.600	2.000	4.000	0.000	2.000	0.377787	0.262901	0.258523	0.295016	-1.016497	0.543495	0.577049	nan	-1.880298	1.491665	1.565179	nan	0.500229	0.737314	0.318682	0.489846
-0.600	2.000	4.000	0.000	2.500	0.427556	0.260283	0.258808	0.306529	-0.572504	0.628582	0.679650	nan	-1.506729	1.750710	1.882251	nan	0.570609	0.782312	0.289948	0.505840
-0.600	2.000	4.000	0.000	3.000	0.507755	0.256477	0.259730	0.323401	-0.366383	0.808091	0.904018	nan	-1.213075	2.310183	2.625962	nan	0.628085	0.776974	0.255453	0.499550
-0.400	0.000	3.000	0.000	1.000	0.283000	0.336913	0.344079	0.320126	0.511184	0.443881	0.399766	0.449314	0.449854	0.452554	0.452996	0.451799	0.389084	0.623975	0.603065	0.527058
-0.400	0.000	3.000	0.000	1.500	0.315851	0.340434	0.336515	0.330755	0.649706	0.447079	0.422413	0.496912	0.449854	0.452554	0.452996	0.451799	0.408460	0.674323	0.598101	0.548190
-0.400	0.000	3.000	0.000	2.000	0.366016	0.339797	0.329378	0.344724	1.211228	0.470041	0.461085	0.640296	0.449854	0.452554	0.452996	0.451799	0.452508	0.756632	0.568481	0.579529
-0.400	0.000	3.500	0.000	1.000	0.237554	0.287924	0.296521	0.272709	0.424091	0.381229	0.339465	0.380026	0.449854	0.452554	0.452996	0.451799	0.331161	0.527753	0.516570	0.448607
-0.400	0.000	3.500	0.000	1.500	0.258985	0.291292	0.291254	0.280086	0.497687	0.380916	0.353786	0.406295	0.449854	0.452554	0.452996	0.451799	0.343067	0.560736	0.516017	0.463021
-0.400	0.000	3.500	0.000	2.000	0.290503	0.292644	0.285781	0.289629	0.705522	0.390534	0.376965	0.470064	0.449854	0.452554	0.452996	0.451799	0.366466	0.611883	0.503384	0.483282
-0.400	0.000	3.500	0.000	2.500	0.335965	0.290702	0.281259	0.301728	1.874062	0.418342	0.414128	0.687306	0.449854	0.452554	0.452996	0.451799	0.418897	0.691497	0.467582	0.513553
-0.400	0.000	3.500	0.000	3.000	0.405134	0.285400	0.278420	0.318115	-1.496922	0.480951	0.478870	nan	0.449854	0.452554	0.452996	0.451799	0.547454	0.801726	0.399235	0.559587
-0.400	0.000	4.000	0.000	3.000	0.311754	0.253768	0.245711	0.268880	5.718091	0.380593	0.378453	0.937363	0.398565	0.641069	0.391217	0.464096	0.449854	0.452554	0.452996	0.451799
-0.400	0.000	4.000	0.500	1.000	0.253684	0.359671	0.400499	0.331843	0.452795	0.581594	0.456721	0.493618	0.449854	0.452554	0.452996	0.451799	0.552499	1.094441	1.091016	0.870532
-0.400	0.000	4.000	0.500	1.500	0.279198	0.367344	0.387682	0.341313	0.511762	0.565424	0.477956	0.517142	0.449854	0.452554	0.452996	0.451799	0.582653	1.233737	1.107310	0.926760
-0.400	0.000	4.000	0.500	2.000	0.316779	0.372279	0.373114	0.353038	0.677479	0.567393	0.515892	0.583149	0.449854	0.452554	0.452996	0.451799	0.641874	1.473153	1.072705	1.004753
-0.400	0.500	3.000	0.000	1.000	0.302330	0.342140	0.343987	0.328909	0.593918	0.466416	0.436302	0.494420	0.512915	0.484954	0.481143	0.492803	0.404366	0.669594	0.608105	0.548094
-0.400	0.500	3.000	0.000	1.500	0.335796	0.344008	0.337580	0.339110	0.791604	0.473356	0.458360	0.555863	0.522061	0.489503	0.488478	0.499774	0.429764	0.723366	0.591802	0.568750
-0.400	0.500	3.000	0.000	2.000	0.388014	0.342056	0.331562	0.353050	1.812681	0.502351	0.500230	0.769425	0.530907	0.494962	0.495418	0.506820	0.489024	0.815484	0.550077	0.603101
-0.400	0.500	3.500	0.000	1.000	0.248181	0.291006	0.295961	0.277525	0.457386	0.382572	0.348853	0.393743	0.516191	0.502868	0.502908	0.507284	0.337923	0.550441	0.520161	0.459080
-0.400	0.500	3.500	0.000	1.500	0.269792	0.293542	0.291298	0.284673	0.550753	0.385046	0.364001	0.425785	0.517955	0.504292	0.504457	0.508861	0.351632	0.584478	0.514885	0.472994
-0.400	0.500	3.500	0.000	2.000	0.301932	0.294133	0.286474	0.294112	0.829032	0.397841	0.388700	0.504233	0.520520	0.506373	0.506701	0.511156	0.379455	0.638856	0.496560	0.493755
-0.400	0.500	3.500	0.000	2.500	0.348947	0.291670	0.282528	0.306364	3.188313	0.429727	0.428913	0.837608	0.524051	0.509264	0.509817	0.514332	0.441998	0.725139	0.455493	0.526552
-0.400	0.500	3.500	0.000	3.000	0.421599	0.286098	0.280143	0.323294	-1.126927	0.499515	0.500702	nan	0.528961	0.513364	0.514284	0.518821	0.586764	0.836621	0.385075	0.573913
-0.400	0.500	4.000	0.000	2.500	0.277829	0.256883	0.249132	0.261004	0.971661	0.355322	0.350120	0.494445	0.518752	0.508919	0.511657	0.513093	0.347371	0.578998	0.419756	0.438688
-0.400	0.500	4.000	0.000	3.000	0.320260	0.254255	0.246545	0.271783	-396.721943	0.388076	0.387817	nan	0.417168	0.664480	0.389839	0.476313	0.518661	0.508065	0.498312	0.508278
-0.400	0.500	4.000	0.500	1.000	0.265605	0.364577	0.397105	0.337528	0.479345	0.575245	0.469759	0.505970	0.501020	0.492336	0.492481	0.495262	0.565205	1.166940	1.106890	0.900436
-0.400	0.500	4.000	0.500	1.500	0.291432	0.370945	0.385402	0.346673	0.554336	0.566174	0.493231	0.536938	0.502202	0.493266	0.493523	0.496313	0.598897	1.314793	1.101650	0.953713
-0.400	0.500	4.000	0.500	2.000	0.329767	0.374548	0.372130	0.358209	0.768671	0.575359	0.534849	0.618448	0.503941	0.494642	0.495051	0.497859	0.667984	1.574937	1.041494	1.030929
-0.400	1.000	3.000	0.000	1.000	0.363534	0.352493	0.345528	0.353774	1.223460	0.583957	0.580807	0.745878	0.927271	0.606710	0.609027	0.699747	0.484865	0.812070	0.559309	0.603886
-0.400	1.000	3.500	0.000	1.000	0.280974	0.297913	0.295232	0.291277	0.622956	0.394630	0.380176	0.453814	0.922466	0.749106	0.747822	0.802473	0.366115	0.621430	0.509397	0.487553
-0.400	1.000	3.500	0.000	1.500	0.303632	0.298554	0.292092	0.298055	0.840403	0.404427	0.398664	0.513624	0.944122	0.761175	0.760781	0.817694	0.389085	0.662381	0.493149	0.502779
-0.400	1.000	3.500	0.000	2.000	0.338452	0.297452	0.288921	0.307537	1.830514	0.426758	0.429670	0.694965	0.977370	0.779583	0.780571	0.840965	0.436266	0.731086	0.462691	0.528450
-0.400	1.000	3.500	0.000	2.500	0.391461	0.293865	0.286485	0.320612	-2.779356	0.472828	0.482730	nan	1.026965	0.806885	0.810211	0.875632	0.534738	0.835597	0.412841	0.569255
-0.400	1.000	3.500	0.000	3.000	0.477147	0.287751	0.285343	0.339635	-0.644533	0.571077	0.585578	nan	1.105766	0.850743	0.858384	0.931210	0.703582	0.916761	0.343732	0.605244
-0.400	1.000	4.000	0.000	2.000	0.268924	0.259844	0.253320	0.260618	0.780213	0.351483	0.346236	0.456208	0.909249	0.758770	0.770569	0.810093	0.339564	0.575248	0.425162	0.436292
-0.400	1.000	4.000	0.000	2.500	0.300998	0.258602	0.250832	0.269273	2.010331	0.372879	0.374260	0.654641	0.989878	0.734628	0.783920	0.829163	0.376920	0.673050	0.400127	0.466478
-0.400	1.000	4.000	0.000	3.000	0.347583	0.255442	0.249106	0.280702	-1.843312	0.414242	0.419921	nan	0.482407	0.741521	0.377815	0.513183	0.962566	0.796054	0.720438	0.820332
-0.400	1.000	4.000	0.500	1.000	0.302688	0.375822	0.388763	0.353634	0.609564	0.574718	0.515713	0.565320	0.761672	0.667322	0.667144	0.697334	0.615057	1.397686	1.064302	0.970801
-0.400	1.500	3.500	0.000	1.000	0.340596	0.303722	0.296198	0.312919	2.008124	0.441169	0.449923	0.735944	-3.081926	3.577249	3.597016	nan	0.463860	0.758084	0.443420	0.538236
-0.400	1.500	3.500	0.000	1.500	0.366990	0.302664	0.294902	0.319961	19.248005	0.463656	0.478889	1.622826	-2.662504	4.251362	4.341252	nan	0.511315	0.813056	0.420504	0.559148
-0.400	1.500	3.500	0.000	2.000	0.409575	0.300124	0.293803	0.330545	-1.641003	0.506712	0.530603	nan	-2.220144	5.925544	6.307629	nan	0.593915	0.891809	0.386116	0.589166
-0.400	1.500	3.500	0.000	2.500	0.478406	0.295683	0.293384	0.346221	-0.662221	0.591737	0.629227	nan	-1.800688	14.149195	19.015760	nan	0.709203	0.955720	0.339961	0.613070
-0.400	1.500	4.000	0.000	1.000	0.265909	0.